timeStamp,elapsed,label,responseCode,responseMessage,threadName,dataType,success,failureMessage,bytes,sentBytes,grpThreads,allThreads,URL,Latency,IdleTime,Connect
1714902520437,594,HTTP Request 3,200,OK,Thread Group 3 1-1,text,true,,231,157,1,1,http://localhost:9090/?token=492522191&user=2129849956&config=3,594,0,4
1714902521033,611,HTTP Request 3,200,OK,Thread Group 3 1-1,text,false,"The operation lasted too long: It took 611 milliseconds, but should not have lasted longer than 600 milliseconds.",231,157,2,2,http://localhost:9090/?token=492522191&user=2129849956&config=3,611,0,0
1714902521639,621,HTTP Request 3,200,OK,Thread Group 3 1-2,text,false,"The operation lasted too long: It took 621 milliseconds, but should not have lasted longer than 600 milliseconds.",231,157,1,1,http://localhost:9090/?token=492522191&user=2129849956&config=3,621,0,3
1714902522838,651,HTTP Request 3,200,OK,Thread Group 3 1-3,text,false,"The operation lasted too long: It took 651 milliseconds, but should not have lasted longer than 600 milliseconds.",231,157,1,1,http://localhost:9090/?token=492522191&user=2129849956&config=3,651,0,1
1714902524038,545,HTTP Request 3,200,OK,Thread Group 3 1-4,text,true,,231,157,1,1,http://localhost:9090/?token=492522191&user=2129849956&config=3,545,0,1
1714902524584,522,HTTP Request 3,200,OK,Thread Group 3 1-4,text,true,,231,157,1,1,http://localhost:9090/?token=492522191&user=2129849956&config=3,522,0,0
1714902525106,521,HTTP Request 3,200,OK,Thread Group 3 1-4,text,true,,231,157,2,2,http://localhost:9090/?token=492522191&user=2129849956&config=3,521,0,0
1714902525243,543,HTTP Request 3,200,OK,Thread Group 3 1-5,text,true,,231,157,2,2,http://localhost:9090/?token=492522191&user=2129849956&config=3,543,0,1
1714902525627,524,HTTP Request 3,200,OK,Thread Group 3 1-4,text,true,,231,157,2,2,http://localhost:9090/?token=492522191&user=2129849956&config=3,524,0,0
1714902525786,524,HTTP Request 3,200,OK,Thread Group 3 1-5,text,true,,231,157,2,2,http://localhost:9090/?token=492522191&user=2129849956&config=3,524,0,0
1714902526151,523,HTTP Request 3,200,OK,Thread Group 3 1-4,text,true,,231,157,3,3,http://localhost:9090/?token=492522191&user=2129849956&config=3,523,0,0
1714902526310,526,HTTP Request 3,200,OK,Thread Group 3 1-5,text,true,,231,157,3,3,http://localhost:9090/?token=492522191&user=2129849956&config=3,526,0,0
1714902526439,548,HTTP Request 3,200,OK,Thread Group 3 1-6,text,true,,231,157,3,3,http://localhost:9090/?token=492522191&user=2129849956&config=3,548,0,2
1714902526675,526,HTTP Request 3,200,OK,Thread Group 3 1-4,text,true,,231,157,3,3,http://localhost:9090/?token=492522191&user=2129849956&config=3,526,0,0
1714902526837,527,HTTP Request 3,200,OK,Thread Group 3 1-5,text,true,,231,157,3,3,http://localhost:9090/?token=492522191&user=2129849956&config=3,527,0,0
1714902526988,527,HTTP Request 3,200,OK,Thread Group 3 1-6,text,true,,231,157,3,3,http://localhost:9090/?token=492522191&user=2129849956&config=3,527,0,0
1714902527201,529,HTTP Request 3,200,OK,Thread Group 3 1-4,text,true,,231,157,4,4,http://localhost:9090/?token=492522191&user=2129849956&config=3,529,0,0
1714902527365,531,HTTP Request 3,200,OK,Thread Group 3 1-5,text,true,,231,157,4,4,http://localhost:9090/?token=492522191&user=2129849956&config=3,531,0,0
1714902527516,530,HTTP Request 3,200,OK,Thread Group 3 1-6,text,true,,231,157,4,4,http://localhost:9090/?token=492522191&user=2129849956&config=3,530,0,0
1714902527638,551,HTTP Request 3,200,OK,Thread Group 3 1-7,text,true,,231,157,4,4,http://localhost:9090/?token=492522191&user=2129849956&config=3,551,0,1
1714902527730,532,HTTP Request 3,200,OK,Thread Group 3 1-4,text,true,,231,157,4,4,http://localhost:9090/?token=492522191&user=2129849956&config=3,532,0,0
1714902527896,536,HTTP Request 3,200,OK,Thread Group 3 1-5,text,true,,231,157,4,4,http://localhost:9090/?token=492522191&user=2129849956&config=3,536,0,0
1714902528046,534,HTTP Request 3,200,OK,Thread Group 3 1-6,text,true,,231,157,4,4,http://localhost:9090/?token=492522191&user=2129849956&config=3,534,0,0
1714902528189,534,HTTP Request 3,200,OK,Thread Group 3 1-7,text,true,,231,157,4,4,http://localhost:9090/?token=492522191&user=2129849956&config=3,534,0,0
1714902528262,535,HTTP Request 3,200,OK,Thread Group 3 1-4,text,true,,231,157,4,4,http://localhost:9090/?token=492522191&user=2129849956&config=3,535,0,0
1714902528433,538,HTTP Request 3,200,OK,Thread Group 3 1-5,text,true,,231,157,5,5,http://localhost:9090/?token=492522191&user=2129849956&config=3,538,0,0
1714902528581,537,HTTP Request 3,200,OK,Thread Group 3 1-6,text,true,,231,157,5,5,http://localhost:9090/?token=492522191&user=2129849956&config=3,537,0,0
1714902528723,539,HTTP Request 3,200,OK,Thread Group 3 1-7,text,true,,231,157,5,5,http://localhost:9090/?token=492522191&user=2129849956&config=3,539,0,0
1714902528797,538,HTTP Request 3,200,OK,Thread Group 3 1-4,text,true,,231,157,5,5,http://localhost:9090/?token=492522191&user=2129849956&config=3,538,0,0
1714902528838,559,HTTP Request 3,200,OK,Thread Group 3 1-8,text,true,,231,157,5,5,http://localhost:9090/?token=492522191&user=2129849956&config=3,559,0,1
1714902528971,543,HTTP Request 3,200,OK,Thread Group 3 1-5,text,true,,231,157,5,5,http://localhost:9090/?token=492522191&user=2129849956&config=3,543,0,0
1714902529119,540,HTTP Request 3,200,OK,Thread Group 3 1-6,text,true,,231,157,5,5,http://localhost:9090/?token=492522191&user=2129849956&config=3,540,0,0
1714902529263,545,HTTP Request 3,200,OK,Thread Group 3 1-7,text,true,,231,157,5,5,http://localhost:9090/?token=492522191&user=2129849956&config=3,545,0,0
1714902529336,544,HTTP Request 3,200,OK,Thread Group 3 1-4,text,true,,231,157,5,5,http://localhost:9090/?token=492522191&user=2129849956&config=3,544,0,0
1714902529398,543,HTTP Request 3,200,OK,Thread Group 3 1-8,text,true,,231,157,5,5,http://localhost:9090/?token=492522191&user=2129849956&config=3,543,0,0
1714902529514,544,HTTP Request 3,200,OK,Thread Group 3 1-5,text,true,,231,157,6,6,http://localhost:9090/?token=492522191&user=2129849956&config=3,544,0,0
1714902529660,545,HTTP Request 3,200,OK,Thread Group 3 1-6,text,true,,231,157,6,6,http://localhost:9090/?token=492522191&user=2129849956&config=3,545,0,0
1714902529808,545,HTTP Request 3,200,OK,Thread Group 3 1-7,text,true,,231,157,6,6,http://localhost:9090/?token=492522191&user=2129849956&config=3,545,0,0
1714902529880,547,HTTP Request 3,200,OK,Thread Group 3 1-4,text,true,,231,157,6,6,http://localhost:9090/?token=492522191&user=2129849956&config=3,547,0,0
1714902529941,549,HTTP Request 3,200,OK,Thread Group 3 1-8,text,true,,231,157,6,6,http://localhost:9090/?token=492522191&user=2129849956&config=3,548,0,0
1714902530058,549,HTTP Request 3,200,OK,Thread Group 3 1-5,text,true,,231,157,6,6,http://localhost:9090/?token=492522191&user=2129849956&config=3,549,0,0
1714902530038,586,HTTP Request 3,200,OK,Thread Group 3 1-9,text,true,,231,157,6,6,http://localhost:9090/?token=492522191&user=2129849956&config=3,586,0,1
1714902530205,549,HTTP Request 3,200,OK,Thread Group 3 1-6,text,true,,231,157,6,6,http://localhost:9090/?token=492522191&user=2129849956&config=3,549,0,0
1714902530354,552,HTTP Request 3,200,OK,Thread Group 3 1-7,text,true,,231,157,6,6,http://localhost:9090/?token=492522191&user=2129849956&config=3,552,0,0
1714902530427,553,HTTP Request 3,200,OK,Thread Group 3 1-4,text,true,,231,157,6,6,http://localhost:9090/?token=492522191&user=2129849956&config=3,553,0,0
1714902530490,552,HTTP Request 3,200,OK,Thread Group 3 1-8,text,true,,231,157,6,6,http://localhost:9090/?token=492522191&user=2129849956&config=3,552,0,0
1714902530608,553,HTTP Request 3,200,OK,Thread Group 3 1-5,text,true,,231,157,6,6,http://localhost:9090/?token=492522191&user=2129849956&config=3,553,0,0
1714902530625,554,HTTP Request 3,200,OK,Thread Group 3 1-9,text,true,,231,157,6,6,http://localhost:9090/?token=492522191&user=2129849956&config=3,554,0,0
1714902530755,556,HTTP Request 3,200,OK,Thread Group 3 1-6,text,true,,231,157,7,7,http://localhost:9090/?token=492522191&user=2129849956&config=3,556,0,0
1714902530906,557,HTTP Request 3,200,OK,Thread Group 3 1-7,text,true,,231,157,7,7,http://localhost:9090/?token=492522191&user=2129849956&config=3,557,0,0
1714902530980,558,HTTP Request 3,200,OK,Thread Group 3 1-4,text,true,,231,157,7,7,http://localhost:9090/?token=492522191&user=2129849956&config=3,558,0,0
1714902531048,558,HTTP Request 3,200,OK,Thread Group 3 1-8,text,true,,231,157,7,7,http://localhost:9090/?token=492522191&user=2129849956&config=3,558,0,0
1714902531161,558,HTTP Request 3,200,OK,Thread Group 3 1-5,text,true,,231,157,7,7,http://localhost:9090/?token=492522191&user=2129849956&config=3,558,0,0
1714902531179,558,HTTP Request 3,200,OK,Thread Group 3 1-9,text,true,,231,157,7,7,http://localhost:9090/?token=492522191&user=2129849956&config=3,558,0,0
1714902531238,581,HTTP Request 3,200,OK,Thread Group 3 1-10,text,true,,231,157,7,7,http://localhost:9090/?token=492522191&user=2129849956&config=3,581,0,1
1714902531311,560,HTTP Request 3,200,OK,Thread Group 3 1-6,text,true,,231,157,7,7,http://localhost:9090/?token=492522191&user=2129849956&config=3,560,0,0
1714902531463,562,HTTP Request 3,200,OK,Thread Group 3 1-7,text,true,,231,157,7,7,http://localhost:9090/?token=492522191&user=2129849956&config=3,562,0,0
1714902531538,563,HTTP Request 3,200,OK,Thread Group 3 1-4,text,true,,231,157,7,7,http://localhost:9090/?token=492522191&user=2129849956&config=3,563,0,0
1714902531606,565,HTTP Request 3,200,OK,Thread Group 3 1-8,text,true,,231,157,7,7,http://localhost:9090/?token=492522191&user=2129849956&config=3,565,0,0
1714902531719,565,HTTP Request 3,200,OK,Thread Group 3 1-5,text,true,,231,157,7,7,http://localhost:9090/?token=492522191&user=2129849956&config=3,564,0,0
1714902531737,566,HTTP Request 3,200,OK,Thread Group 3 1-9,text,true,,231,157,7,7,http://localhost:9090/?token=492522191&user=2129849956&config=3,566,0,0
1714902531819,567,HTTP Request 3,200,OK,Thread Group 3 1-10,text,true,,231,157,7,7,http://localhost:9090/?token=492522191&user=2129849956&config=3,567,0,0
1714902531871,567,HTTP Request 3,200,OK,Thread Group 3 1-6,text,true,,231,157,8,8,http://localhost:9090/?token=492522191&user=2129849956&config=3,567,0,0
1714902532026,568,HTTP Request 3,200,OK,Thread Group 3 1-7,text,true,,231,157,8,8,http://localhost:9090/?token=492522191&user=2129849956&config=3,568,0,0
1714902532101,570,HTTP Request 3,200,OK,Thread Group 3 1-4,text,true,,231,157,8,8,http://localhost:9090/?token=492522191&user=2129849956&config=3,570,0,0
1714902532171,569,HTTP Request 3,200,OK,Thread Group 3 1-8,text,true,,231,157,8,8,http://localhost:9090/?token=492522191&user=2129849956&config=3,569,0,0
1714902532284,570,HTTP Request 3,200,OK,Thread Group 3 1-5,text,true,,231,157,8,8,http://localhost:9090/?token=492522191&user=2129849956&config=3,570,0,0
1714902532303,572,HTTP Request 3,200,OK,Thread Group 3 1-9,text,true,,231,157,8,8,http://localhost:9090/?token=492522191&user=2129849956&config=3,572,0,0
1714902532386,573,HTTP Request 3,200,OK,Thread Group 3 1-10,text,true,,231,157,8,8,http://localhost:9090/?token=492522191&user=2129849956&config=3,573,0,0
1714902532438,574,HTTP Request 3,200,OK,Thread Group 3 1-6,text,true,,231,157,8,8,http://localhost:9090/?token=492522191&user=2129849956&config=3,574,0,0
1714902532439,598,HTTP Request 3,200,OK,Thread Group 3 1-11,text,true,,231,157,8,8,http://localhost:9090/?token=492522191&user=2129849956&config=3,598,0,2
1714902532594,577,HTTP Request 3,200,OK,Thread Group 3 1-7,text,true,,231,157,8,8,http://localhost:9090/?token=492522191&user=2129849956&config=3,577,0,0
1714902532671,577,HTTP Request 3,200,OK,Thread Group 3 1-4,text,true,,231,157,8,8,http://localhost:9090/?token=492522191&user=2129849956&config=3,577,0,0
1714902532741,580,HTTP Request 3,200,OK,Thread Group 3 1-8,text,true,,231,157,8,8,http://localhost:9090/?token=492522191&user=2129849956&config=3,580,0,0
1714902532855,582,HTTP Request 3,200,OK,Thread Group 3 1-5,text,true,,231,157,8,8,http://localhost:9090/?token=492522191&user=2129849956&config=3,582,0,0
1714902532875,580,HTTP Request 3,200,OK,Thread Group 3 1-9,text,true,,231,157,8,8,http://localhost:9090/?token=492522191&user=2129849956&config=3,580,0,0
1714902532960,581,HTTP Request 3,200,OK,Thread Group 3 1-10,text,true,,231,157,8,8,http://localhost:9090/?token=492522191&user=2129849956&config=3,581,0,0
1714902533013,582,HTTP Request 3,200,OK,Thread Group 3 1-6,text,true,,231,157,8,8,http://localhost:9090/?token=492522191&user=2129849956&config=3,582,0,0
1714902533037,584,HTTP Request 3,200,OK,Thread Group 3 1-11,text,true,,231,157,8,8,http://localhost:9090/?token=492522191&user=2129849956&config=3,584,0,0
1714902533171,583,HTTP Request 3,200,OK,Thread Group 3 1-7,text,true,,231,157,9,9,http://localhost:9090/?token=492522191&user=2129849956&config=3,583,0,0
1714902533248,587,HTTP Request 3,200,OK,Thread Group 3 1-4,text,true,,231,157,9,9,http://localhost:9090/?token=492522191&user=2129849956&config=3,587,0,0
1714902533321,588,HTTP Request 3,200,OK,Thread Group 3 1-8,text,true,,231,157,9,9,http://localhost:9090/?token=492522191&user=2129849956&config=3,588,0,0
1714902533438,588,HTTP Request 3,200,OK,Thread Group 3 1-5,text,true,,231,157,9,9,http://localhost:9090/?token=492522191&user=2129849956&config=3,588,0,0
1714902533456,593,HTTP Request 3,200,OK,Thread Group 3 1-9,text,true,,231,157,9,9,http://localhost:9090/?token=492522191&user=2129849956&config=3,593,0,0
1714902533541,596,HTTP Request 3,200,OK,Thread Group 3 1-10,text,true,,231,157,9,9,http://localhost:9090/?token=492522191&user=2129849956&config=3,596,0,0
1714902533596,600,HTTP Request 3,200,OK,Thread Group 3 1-6,text,true,,231,157,9,9,http://localhost:9090/?token=492522191&user=2129849956&config=3,600,0,0
1714902533621,599,HTTP Request 3,200,OK,Thread Group 3 1-11,text,true,,231,157,9,9,http://localhost:9090/?token=492522191&user=2129849956&config=3,599,0,0
1714902533639,624,HTTP Request 3,200,OK,Thread Group 3 1-12,text,false,"The operation lasted too long: It took 624 milliseconds, but should not have lasted longer than 600 milliseconds.",231,157,9,9,http://localhost:9090/?token=492522191&user=2129849956&config=3,624,0,2
1714902533755,599,HTTP Request 3,200,OK,Thread Group 3 1-7,text,true,,231,157,8,8,http://localhost:9090/?token=492522191&user=2129849956&config=3,599,0,0
1714902533836,597,HTTP Request 3,200,OK,Thread Group 3 1-4,text,true,,231,157,8,8,http://localhost:9090/?token=492522191&user=2129849956&config=3,597,0,0
1714902533909,597,HTTP Request 3,200,OK,Thread Group 3 1-8,text,true,,231,157,8,8,http://localhost:9090/?token=492522191&user=2129849956&config=3,597,0,0
1714902534026,603,HTTP Request 3,200,OK,Thread Group 3 1-5,text,false,"The operation lasted too long: It took 603 milliseconds, but should not have lasted longer than 600 milliseconds.",231,157,8,8,http://localhost:9090/?token=492522191&user=2129849956&config=3,602,0,0
1714902534049,620,HTTP Request 3,200,OK,Thread Group 3 1-9,text,false,"The operation lasted too long: It took 620 milliseconds, but should not have lasted longer than 600 milliseconds.",231,157,7,7,http://localhost:9090/?token=492522191&user=2129849956&config=3,620,0,0
1714902534137,607,HTTP Request 3,200,OK,Thread Group 3 1-10,text,false,"The operation lasted too long: It took 607 milliseconds, but should not have lasted longer than 600 milliseconds.",231,157,6,6,http://localhost:9090/?token=492522191&user=2129849956&config=3,607,0,0
1714902534197,606,HTTP Request 3,200,OK,Thread Group 3 1-6,text,false,"The operation lasted too long: It took 606 milliseconds, but should not have lasted longer than 600 milliseconds.",231,157,5,5,http://localhost:9090/?token=492522191&user=2129849956&config=3,606,0,0
1714902534221,614,HTTP Request 3,200,OK,Thread Group 3 1-11,text,false,"The operation lasted too long: It took 614 milliseconds, but should not have lasted longer than 600 milliseconds.",231,157,4,4,http://localhost:9090/?token=492522191&user=2129849956&config=3,614,0,0
1714902534354,612,HTTP Request 3,200,OK,Thread Group 3 1-7,text,false,"The operation lasted too long: It took 612 milliseconds, but should not have lasted longer than 600 milliseconds.",231,157,4,4,http://localhost:9090/?token=492522191&user=2129849956&config=3,612,0,0
1714902534433,616,HTTP Request 3,200,OK,Thread Group 3 1-4,text,false,"The operation lasted too long: It took 616 milliseconds, but should not have lasted longer than 600 milliseconds.",231,157,3,3,http://localhost:9090/?token=492522191&user=2129849956&config=3,616,0,0
1714902534506,614,HTTP Request 3,200,OK,Thread Group 3 1-8,text,false,"The operation lasted too long: It took 614 milliseconds, but should not have lasted longer than 600 milliseconds.",231,157,2,2,http://localhost:9090/?token=492522191&user=2129849956&config=3,614,0,0
1714902534839,638,HTTP Request 3,200,OK,Thread Group 3 1-13,text,false,"The operation lasted too long: It took 638 milliseconds, but should not have lasted longer than 600 milliseconds.",231,157,1,1,http://localhost:9090/?token=492522191&user=2129849956&config=3,638,0,1
1714902536037,626,HTTP Request 3,200,OK,Thread Group 3 1-14,text,false,"The operation lasted too long: It took 626 milliseconds, but should not have lasted longer than 600 milliseconds.",231,157,1,1,http://localhost:9090/?token=492522191&user=2129849956&config=3,626,0,1
1714902537238,623,HTTP Request 3,200,OK,Thread Group 3 1-15,text,false,"The operation lasted too long: It took 623 milliseconds, but should not have lasted longer than 600 milliseconds.",231,157,1,1,http://localhost:9090/?token=492522191&user=2129849956&config=3,623,0,2
1714902538438,717,HTTP Request 3,200,OK,Thread Group 3 1-16,text,false,"The operation lasted too long: It took 717 milliseconds, but should not have lasted longer than 600 milliseconds.",231,157,1,1,http://localhost:9090/?token=492522191&user=2129849956&config=3,717,0,2
1714902539639,598,HTTP Request 3,200,OK,Thread Group 3 1-17,text,true,,231,157,1,1,http://localhost:9090/?token=492522191&user=2129849956&config=3,598,0,2
1714902540237,575,HTTP Request 3,200,OK,Thread Group 3 1-17,text,true,,231,157,1,1,http://localhost:9090/?token=492522191&user=2129849956&config=3,575,0,0
1714902540813,598,HTTP Request 3,200,OK,Thread Group 3 1-17,text,true,,231,157,2,2,http://localhost:9090/?token=492522191&user=2129849956&config=3,598,0,0
1714902540851,587,HTTP Request 3,200,OK,Thread Group 3 1-18,text,true,,231,157,2,2,http://localhost:9090/?token=492522191&user=2129849956&config=3,587,0,1
1714902541411,612,HTTP Request 3,200,OK,Thread Group 3 1-17,text,false,"The operation lasted too long: It took 612 milliseconds, but should not have lasted longer than 600 milliseconds.",231,157,2,2,http://localhost:9090/?token=492522191&user=2129849956&config=3,612,0,0
1714902541438,602,HTTP Request 3,200,OK,Thread Group 3 1-18,text,false,"The operation lasted too long: It took 602 milliseconds, but should not have lasted longer than 600 milliseconds.",231,157,2,2,http://localhost:9090/?token=492522191&user=2129849956&config=3,602,0,0
1714902542037,587,HTTP Request 3,200,OK,Thread Group 3 1-19,text,true,,231,157,1,1,http://localhost:9090/?token=492522191&user=2129849956&config=3,587,0,2
1714902542625,619,HTTP Request 3,200,OK,Thread Group 3 1-19,text,false,"The operation lasted too long: It took 619 milliseconds, but should not have lasted longer than 600 milliseconds.",231,157,2,2,http://localhost:9090/?token=492522191&user=2129849956&config=3,619,0,0
1714902543238,628,HTTP Request 3,200,OK,Thread Group 3 1-20,text,false,"The operation lasted too long: It took 628 milliseconds, but should not have lasted longer than 600 milliseconds.",231,157,1,1,http://localhost:9090/?token=492522191&user=2129849956&config=3,628,0,1
1714902544438,658,HTTP Request 3,200,OK,Thread Group 3 1-21,text,false,"The operation lasted too long: It took 658 milliseconds, but should not have lasted longer than 600 milliseconds.",231,157,1,1,http://localhost:9090/?token=492522191&user=2129849956&config=3,658,0,2
1714902545679,644,HTTP Request 3,200,OK,Thread Group 3 1-22,text,false,"The operation lasted too long: It took 644 milliseconds, but should not have lasted longer than 600 milliseconds.",231,157,1,1,http://localhost:9090/?token=492522191&user=2129849956&config=3,644,0,2
1714902546836,615,HTTP Request 3,200,OK,Thread Group 3 1-23,text,false,"The operation lasted too long: It took 615 milliseconds, but should not have lasted longer than 600 milliseconds.",231,157,1,1,http://localhost:9090/?token=492522191&user=2129849956&config=3,615,0,1
1714902548036,552,HTTP Request 3,200,OK,Thread Group 3 1-24,text,true,,231,157,1,1,http://localhost:9090/?token=492522191&user=2129849956&config=3,552,0,1
1714902548589,603,HTTP Request 3,200,OK,Thread Group 3 1-24,text,false,"The operation lasted too long: It took 603 milliseconds, but should not have lasted longer than 600 milliseconds.",231,157,1,1,http://localhost:9090/?token=492522191&user=2129849956&config=3,603,0,0
1714902549238,554,HTTP Request 3,200,OK,Thread Group 3 1-25,text,true,,231,157,1,1,http://localhost:9090/?token=492522191&user=2129849956&config=3,554,0,2
1714902549793,628,HTTP Request 3,200,OK,Thread Group 3 1-25,text,false,"The operation lasted too long: It took 628 milliseconds, but should not have lasted longer than 600 milliseconds.",231,157,1,1,http://localhost:9090/?token=492522191&user=2129849956&config=3,627,0,0
1714902550438,596,HTTP Request 3,200,OK,Thread Group 3 1-26,text,true,,231,157,1,1,http://localhost:9090/?token=492522191&user=2129849956&config=3,596,0,1
1714902551036,612,HTTP Request 3,200,OK,Thread Group 3 1-26,text,false,"The operation lasted too long: It took 612 milliseconds, but should not have lasted longer than 600 milliseconds.",231,157,2,2,http://localhost:9090/?token=492522191&user=2129849956&config=3,612,0,0
1714902551639,678,HTTP Request 3,200,OK,Thread Group 3 1-27,text,false,"The operation lasted too long: It took 678 milliseconds, but should not have lasted longer than 600 milliseconds.",231,157,1,1,http://localhost:9090/?token=492522191&user=2129849956&config=3,678,0,4
1714902552841,652,HTTP Request 3,200,OK,Thread Group 3 1-28,text,false,"The operation lasted too long: It took 652 milliseconds, but should not have lasted longer than 600 milliseconds.",231,157,1,1,http://localhost:9090/?token=492522191&user=2129849956&config=3,652,0,1
1714902554041,577,HTTP Request 3,200,OK,Thread Group 3 1-29,text,true,,231,157,1,1,http://localhost:9090/?token=492522191&user=2129849956&config=3,577,0,0
1714902554618,615,HTTP Request 3,200,OK,Thread Group 3 1-29,text,false,"The operation lasted too long: It took 615 milliseconds, but should not have lasted longer than 600 milliseconds.",231,157,1,1,http://localhost:9090/?token=492522191&user=2129849956&config=3,615,0,0
1714902555240,553,HTTP Request 3,200,OK,Thread Group 3 1-30,text,true,,231,157,1,1,http://localhost:9090/?token=492522191&user=2129849956&config=3,553,0,1
1714902555793,566,HTTP Request 3,200,OK,Thread Group 3 1-30,text,true,,231,157,1,1,http://localhost:9090/?token=492522191&user=2129849956&config=3,566,0,0
1714902556359,527,HTTP Request 3,200,OK,Thread Group 3 1-30,text,true,,231,157,2,2,http://localhost:9090/?token=492522191&user=2129849956&config=3,527,0,0
1714902556439,550,HTTP Request 3,200,OK,Thread Group 3 1-31,text,true,,231,157,2,2,http://localhost:9090/?token=492522191&user=2129849956&config=3,550,0,1
1714902556886,528,HTTP Request 3,200,OK,Thread Group 3 1-30,text,true,,231,157,2,2,http://localhost:9090/?token=492522191&user=2129849956&config=3,528,0,0
1714902556989,528,HTTP Request 3,200,OK,Thread Group 3 1-31,text,true,,231,157,2,2,http://localhost:9090/?token=492522191&user=2129849956&config=3,528,0,0
1714902557415,532,HTTP Request 3,200,OK,Thread Group 3 1-30,text,true,,231,157,3,3,http://localhost:9090/?token=492522191&user=2129849956&config=3,532,0,0
1714902557518,532,HTTP Request 3,200,OK,Thread Group 3 1-31,text,true,,231,157,3,3,http://localhost:9090/?token=492522191&user=2129849956&config=3,532,0,0
1714902557639,557,HTTP Request 3,200,OK,Thread Group 3 1-32,text,true,,231,157,3,3,http://localhost:9090/?token=492522191&user=2129849956&config=3,557,0,1
1714902557947,533,HTTP Request 3,200,OK,Thread Group 3 1-30,text,true,,231,157,3,3,http://localhost:9090/?token=492522191&user=2129849956&config=3,533,0,0
1714902558050,532,HTTP Request 3,200,OK,Thread Group 3 1-31,text,true,,231,157,3,3,http://localhost:9090/?token=492522191&user=2129849956&config=3,532,0,0
1714902558196,533,HTTP Request 3,200,OK,Thread Group 3 1-32,text,true,,231,157,3,3,http://localhost:9090/?token=492522191&user=2129849956&config=3,533,0,0
1714902558480,534,HTTP Request 3,200,OK,Thread Group 3 1-30,text,true,,231,157,4,4,http://localhost:9090/?token=492522191&user=2129849956&config=3,534,0,0
1714902558583,533,HTTP Request 3,200,OK,Thread Group 3 1-31,text,true,,231,157,4,4,http://localhost:9090/?token=492522191&user=2129849956&config=3,533,0,0
1714902558730,534,HTTP Request 3,200,OK,Thread Group 3 1-32,text,true,,231,157,4,4,http://localhost:9090/?token=492522191&user=2129849956&config=3,534,0,0
1714902558840,554,HTTP Request 3,200,OK,Thread Group 3 1-33,text,true,,231,157,4,4,http://localhost:9090/?token=492522191&user=2129849956&config=3,554,0,0
1714902559015,535,HTTP Request 3,200,OK,Thread Group 3 1-30,text,true,,231,157,4,4,http://localhost:9090/?token=492522191&user=2129849956&config=3,535,0,0
1714902559116,538,HTTP Request 3,200,OK,Thread Group 3 1-31,text,true,,231,157,4,4,http://localhost:9090/?token=492522191&user=2129849956&config=3,538,0,0
1714902559264,536,HTTP Request 3,200,OK,Thread Group 3 1-32,text,true,,231,157,4,4,http://localhost:9090/?token=492522191&user=2129849956&config=3,536,0,0
1714902559395,537,HTTP Request 3,200,OK,Thread Group 3 1-33,text,true,,231,157,4,4,http://localhost:9090/?token=492522191&user=2129849956&config=3,537,0,0
1714902559551,537,HTTP Request 3,200,OK,Thread Group 3 1-30,text,true,,231,157,5,5,http://localhost:9090/?token=492522191&user=2129849956&config=3,537,0,0
1714902559655,541,HTTP Request 3,200,OK,Thread Group 3 1-31,text,true,,231,157,5,5,http://localhost:9090/?token=492522191&user=2129849956&config=3,541,0,0
1714902559800,538,HTTP Request 3,200,OK,Thread Group 3 1-32,text,true,,231,157,5,5,http://localhost:9090/?token=492522191&user=2129849956&config=3,538,0,0
1714902559932,543,HTTP Request 3,200,OK,Thread Group 3 1-33,text,true,,231,157,5,5,http://localhost:9090/?token=492522191&user=2129849956&config=3,543,0,0
1714902560040,560,HTTP Request 3,200,OK,Thread Group 3 1-34,text,true,,231,157,5,5,http://localhost:9090/?token=492522191&user=2129849956&config=3,560,0,1
1714902560089,543,HTTP Request 3,200,OK,Thread Group 3 1-30,text,true,,231,157,5,5,http://localhost:9090/?token=492522191&user=2129849956&config=3,543,0,0
1714902560196,543,HTTP Request 3,200,OK,Thread Group 3 1-31,text,true,,231,157,5,5,http://localhost:9090/?token=492522191&user=2129849956&config=3,543,0,0
1714902560339,543,HTTP Request 3,200,OK,Thread Group 3 1-32,text,true,,231,157,5,5,http://localhost:9090/?token=492522191&user=2129849956&config=3,543,0,0
1714902560476,542,HTTP Request 3,200,OK,Thread Group 3 1-33,text,true,,231,157,5,5,http://localhost:9090/?token=492522191&user=2129849956&config=3,542,0,0
1714902560601,543,HTTP Request 3,200,OK,Thread Group 3 1-34,text,true,,231,157,5,5,http://localhost:9090/?token=492522191&user=2129849956&config=3,543,0,0
1714902560632,545,HTTP Request 3,200,OK,Thread Group 3 1-30,text,true,,231,157,5,5,http://localhost:9090/?token=492522191&user=2129849956&config=3,545,0,0
1714902560739,546,HTTP Request 3,200,OK,Thread Group 3 1-31,text,true,,231,157,6,6,http://localhost:9090/?token=492522191&user=2129849956&config=3,546,0,0
1714902560882,547,HTTP Request 3,200,OK,Thread Group 3 1-32,text,true,,231,157,6,6,http://localhost:9090/?token=492522191&user=2129849956&config=3,547,0,0
1714902561019,546,HTTP Request 3,200,OK,Thread Group 3 1-33,text,true,,231,157,6,6,http://localhost:9090/?token=492522191&user=2129849956&config=3,546,0,0
1714902561144,547,HTTP Request 3,200,OK,Thread Group 3 1-34,text,true,,231,157,6,6,http://localhost:9090/?token=492522191&user=2129849956&config=3,547,0,0
1714902561177,548,HTTP Request 3,200,OK,Thread Group 3 1-30,text,true,,231,157,6,6,http://localhost:9090/?token=492522191&user=2129849956&config=3,548,0,0
1714902561240,571,HTTP Request 3,200,OK,Thread Group 3 1-35,text,true,,231,157,6,6,http://localhost:9090/?token=492522191&user=2129849956&config=3,571,0,1
1714902561285,550,HTTP Request 3,200,OK,Thread Group 3 1-31,text,true,,231,157,6,6,http://localhost:9090/?token=492522191&user=2129849956&config=3,550,0,0
1714902561429,551,HTTP Request 3,200,OK,Thread Group 3 1-32,text,true,,231,157,6,6,http://localhost:9090/?token=492522191&user=2129849956&config=3,551,0,0
1714902561566,551,HTTP Request 3,200,OK,Thread Group 3 1-33,text,true,,231,157,6,6,http://localhost:9090/?token=492522191&user=2129849956&config=3,551,0,0
1714902561691,551,HTTP Request 3,200,OK,Thread Group 3 1-34,text,true,,231,157,6,6,http://localhost:9090/?token=492522191&user=2129849956&config=3,551,0,0
1714902561725,552,HTTP Request 3,200,OK,Thread Group 3 1-30,text,true,,231,157,6,6,http://localhost:9090/?token=492522191&user=2129849956&config=3,552,0,0
1714902561811,553,HTTP Request 3,200,OK,Thread Group 3 1-35,text,true,,231,157,6,6,http://localhost:9090/?token=492522191&user=2129849956&config=3,553,0,0
1714902561835,554,HTTP Request 3,200,OK,Thread Group 3 1-31,text,true,,231,157,6,6,http://localhost:9090/?token=492522191&user=2129849956&config=3,554,0,0
1714902561980,555,HTTP Request 3,200,OK,Thread Group 3 1-32,text,true,,231,157,7,7,http://localhost:9090/?token=492522191&user=2129849956&config=3,555,0,0
1714902562117,556,HTTP Request 3,200,OK,Thread Group 3 1-33,text,true,,231,157,7,7,http://localhost:9090/?token=492522191&user=2129849956&config=3,556,0,0
1714902562243,557,HTTP Request 3,200,OK,Thread Group 3 1-34,text,true,,231,157,7,7,http://localhost:9090/?token=492522191&user=2129849956&config=3,557,0,0
1714902562278,557,HTTP Request 3,200,OK,Thread Group 3 1-30,text,true,,231,157,7,7,http://localhost:9090/?token=492522191&user=2129849956&config=3,557,0,0
1714902562364,559,HTTP Request 3,200,OK,Thread Group 3 1-35,text,true,,231,157,7,7,http://localhost:9090/?token=492522191&user=2129849956&config=3,559,0,0
1714902562389,560,HTTP Request 3,200,OK,Thread Group 3 1-31,text,true,,231,157,7,7,http://localhost:9090/?token=492522191&user=2129849956&config=3,560,0,0
1714902562442,585,HTTP Request 3,200,OK,Thread Group 3 1-36,text,true,,231,157,7,7,http://localhost:9090/?token=492522191&user=2129849956&config=3,585,0,2
1714902562535,563,HTTP Request 3,200,OK,Thread Group 3 1-32,text,true,,231,157,7,7,http://localhost:9090/?token=492522191&user=2129849956&config=3,563,0,0
1714902562673,563,HTTP Request 3,200,OK,Thread Group 3 1-33,text,true,,231,157,7,7,http://localhost:9090/?token=492522191&user=2129849956&config=3,563,0,0
1714902562800,564,HTTP Request 3,200,OK,Thread Group 3 1-34,text,true,,231,157,7,7,http://localhost:9090/?token=492522191&user=2129849956&config=3,564,0,0
1714902562836,564,HTTP Request 3,200,OK,Thread Group 3 1-30,text,true,,231,157,7,7,http://localhost:9090/?token=492522191&user=2129849956&config=3,564,0,0
1714902562923,565,HTTP Request 3,200,OK,Thread Group 3 1-35,text,true,,231,157,7,7,http://localhost:9090/?token=492522191&user=2129849956&config=3,565,0,0
1714902562954,568,HTTP Request 3,200,OK,Thread Group 3 1-31,text,true,,231,157,7,7,http://localhost:9090/?token=492522191&user=2129849956&config=3,568,0,0
1714902563027,568,HTTP Request 3,200,OK,Thread Group 3 1-36,text,true,,231,157,7,7,http://localhost:9090/?token=492522191&user=2129849956&config=3,568,0,0
1714902563098,581,HTTP Request 3,200,OK,Thread Group 3 1-32,text,true,,231,157,8,8,http://localhost:9090/?token=492522191&user=2129849956&config=3,581,0,0
1714902563236,571,HTTP Request 3,200,OK,Thread Group 3 1-33,text,true,,231,157,8,8,http://localhost:9090/?token=492522191&user=2129849956&config=3,571,0,0
1714902563365,570,HTTP Request 3,200,OK,Thread Group 3 1-34,text,true,,231,157,8,8,http://localhost:9090/?token=492522191&user=2129849956&config=3,570,0,0
1714902563401,571,HTTP Request 3,200,OK,Thread Group 3 1-30,text,true,,231,157,8,8,http://localhost:9090/?token=492522191&user=2129849956&config=3,571,0,0
1714902563488,574,HTTP Request 3,200,OK,Thread Group 3 1-35,text,true,,231,157,8,8,http://localhost:9090/?token=492522191&user=2129849956&config=3,574,0,0
1714902563522,574,HTTP Request 3,200,OK,Thread Group 3 1-31,text,true,,231,157,8,8,http://localhost:9090/?token=492522191&user=2129849956&config=3,574,0,0
1714902563595,575,HTTP Request 3,200,OK,Thread Group 3 1-36,text,true,,231,157,8,8,http://localhost:9090/?token=492522191&user=2129849956&config=3,575,0,0
1714902563641,596,HTTP Request 3,200,OK,Thread Group 3 1-37,text,true,,231,157,8,8,http://localhost:9090/?token=492522191&user=2129849956&config=3,596,0,2
1714902563680,576,HTTP Request 3,200,OK,Thread Group 3 1-32,text,true,,231,157,8,8,http://localhost:9090/?token=492522191&user=2129849956&config=3,576,0,0
1714902563808,577,HTTP Request 3,200,OK,Thread Group 3 1-33,text,true,,231,157,8,8,http://localhost:9090/?token=492522191&user=2129849956&config=3,577,0,0
1714902563936,579,HTTP Request 3,200,OK,Thread Group 3 1-34,text,true,,231,157,8,8,http://localhost:9090/?token=492522191&user=2129849956&config=3,579,0,0
1714902563972,580,HTTP Request 3,200,OK,Thread Group 3 1-30,text,true,,231,157,8,8,http://localhost:9090/?token=492522191&user=2129849956&config=3,580,0,0
1714902564062,581,HTTP Request 3,200,OK,Thread Group 3 1-35,text,true,,231,157,8,8,http://localhost:9090/?token=492522191&user=2129849956&config=3,581,0,0
1714902564096,582,HTTP Request 3,200,OK,Thread Group 3 1-31,text,true,,231,157,8,8,http://localhost:9090/?token=492522191&user=2129849956&config=3,582,0,0
1714902564171,583,HTTP Request 3,200,OK,Thread Group 3 1-36,text,true,,231,157,8,8,http://localhost:9090/?token=492522191&user=2129849956&config=3,583,0,0
1714902564237,582,HTTP Request 3,200,OK,Thread Group 3 1-37,text,true,,231,157,8,8,http://localhost:9090/?token=492522191&user=2129849956&config=3,582,0,0
1714902564256,583,HTTP Request 3,200,OK,Thread Group 3 1-32,text,true,,231,157,9,9,http://localhost:9090/?token=492522191&user=2129849956&config=3,583,0,0
1714902564385,585,HTTP Request 3,200,OK,Thread Group 3 1-33,text,true,,231,157,9,9,http://localhost:9090/?token=492522191&user=2129849956&config=3,585,0,0
1714902564515,586,HTTP Request 3,200,OK,Thread Group 3 1-34,text,true,,231,157,9,9,http://localhost:9090/?token=492522191&user=2129849956&config=3,586,0,0
1714902564553,589,HTTP Request 3,200,OK,Thread Group 3 1-30,text,true,,231,157,9,9,http://localhost:9090/?token=492522191&user=2129849956&config=3,589,0,0
1714902564643,590,HTTP Request 3,200,OK,Thread Group 3 1-35,text,true,,231,157,9,9,http://localhost:9090/?token=492522191&user=2129849956&config=3,590,0,0
1714902564678,589,HTTP Request 3,200,OK,Thread Group 3 1-31,text,true,,231,157,9,9,http://localhost:9090/?token=492522191&user=2129849956&config=3,589,0,0
1714902564754,591,HTTP Request 3,200,OK,Thread Group 3 1-36,text,true,,231,157,9,9,http://localhost:9090/?token=492522191&user=2129849956&config=3,591,0,0
1714902564820,593,HTTP Request 3,200,OK,Thread Group 3 1-37,text,true,,231,157,9,9,http://localhost:9090/?token=492522191&user=2129849956&config=3,593,0,0
1714902564839,598,HTTP Request 3,200,OK,Thread Group 3 1-32,text,true,,231,157,9,9,http://localhost:9090/?token=492522191&user=2129849956&config=3,598,0,0
1714902564838,621,HTTP Request 3,200,OK,Thread Group 3 1-38,text,false,"The operation lasted too long: It took 621 milliseconds, but should not have lasted longer than 600 milliseconds.",231,157,9,9,http://localhost:9090/?token=492522191&user=2129849956&config=3,621,0,1
1714902564970,596,HTTP Request 3,200,OK,Thread Group 3 1-33,text,true,,231,157,8,8,http://localhost:9090/?token=492522191&user=2129849956&config=3,596,0,0
1714902565101,596,HTTP Request 3,200,OK,Thread Group 3 1-34,text,true,,231,157,8,8,http://localhost:9090/?token=492522191&user=2129849956&config=3,596,0,0
1714902565142,596,HTTP Request 3,200,OK,Thread Group 3 1-30,text,true,,231,157,8,8,http://localhost:9090/?token=492522191&user=2129849956&config=3,596,0,0
1714902565233,599,HTTP Request 3,200,OK,Thread Group 3 1-35,text,true,,231,157,8,8,http://localhost:9090/?token=492522191&user=2129849956&config=3,599,0,0
1714902565267,598,HTTP Request 3,200,OK,Thread Group 3 1-31,text,true,,231,157,8,8,http://localhost:9090/?token=492522191&user=2129849956&config=3,598,0,0
1714902565345,600,HTTP Request 3,200,OK,Thread Group 3 1-36,text,true,,231,157,8,8,http://localhost:9090/?token=492522191&user=2129849956&config=3,600,0,0
1714902565413,601,HTTP Request 3,200,OK,Thread Group 3 1-37,text,false,"The operation lasted too long: It took 601 milliseconds, but should not have lasted longer than 600 milliseconds.",231,157,8,8,http://localhost:9090/?token=492522191&user=2129849956&config=3,601,0,0
1714902565437,608,HTTP Request 3,200,OK,Thread Group 3 1-32,text,false,"The operation lasted too long: It took 608 milliseconds, but should not have lasted longer than 600 milliseconds.",231,157,8,8,http://localhost:9090/?token=492522191&user=2129849956&config=3,608,0,0
1714902565566,603,HTTP Request 3,200,OK,Thread Group 3 1-33,text,false,"The operation lasted too long: It took 603 milliseconds, but should not have lasted longer than 600 milliseconds.",231,157,7,7,http://localhost:9090/?token=492522191&user=2129849956&config=3,603,0,0
1714902565697,606,HTTP Request 3,200,OK,Thread Group 3 1-34,text,false,"The operation lasted too long: It took 606 milliseconds, but should not have lasted longer than 600 milliseconds.",231,157,6,6,http://localhost:9090/?token=492522191&user=2129849956&config=3,606,0,0
1714902565738,606,HTTP Request 3,200,OK,Thread Group 3 1-30,text,false,"The operation lasted too long: It took 606 milliseconds, but should not have lasted longer than 600 milliseconds.",231,157,5,5,http://localhost:9090/?token=492522191&user=2129849956&config=3,606,0,0
1714902565832,607,HTTP Request 3,200,OK,Thread Group 3 1-35,text,false,"The operation lasted too long: It took 607 milliseconds, but should not have lasted longer than 600 milliseconds.",231,157,4,4,http://localhost:9090/?token=492522191&user=2129849956&config=3,607,0,0
1714902565865,613,HTTP Request 3,200,OK,Thread Group 3 1-31,text,false,"The operation lasted too long: It took 613 milliseconds, but should not have lasted longer than 600 milliseconds.",231,157,3,3,http://localhost:9090/?token=492522191&user=2129849956&config=3,613,0,0
1714902565946,609,HTTP Request 3,200,OK,Thread Group 3 1-36,text,false,"The operation lasted too long: It took 609 milliseconds, but should not have lasted longer than 600 milliseconds.",231,157,2,2,http://localhost:9090/?token=492522191&user=2129849956&config=3,609,0,0
1714902566038,633,HTTP Request 3,200,OK,Thread Group 3 1-39,text,false,"The operation lasted too long: It took 633 milliseconds, but should not have lasted longer than 600 milliseconds.",231,157,1,1,http://localhost:9090/?token=492522191&user=2129849956&config=3,633,0,1
1714902567238,692,HTTP Request 3,200,OK,Thread Group 3 1-40,text,false,"The operation lasted too long: It took 692 milliseconds, but should not have lasted longer than 600 milliseconds.",231,157,1,1,http://localhost:9090/?token=492522191&user=2129849956&config=3,692,0,2
1714902568439,719,HTTP Request 3,200,OK,Thread Group 3 1-41,text,false,"The operation lasted too long: It took 719 milliseconds, but should not have lasted longer than 600 milliseconds.",231,157,1,1,http://localhost:9090/?token=492522191&user=2129849956&config=3,719,0,2
1714902569638,611,HTTP Request 3,200,OK,Thread Group 3 1-42,text,false,"The operation lasted too long: It took 611 milliseconds, but should not have lasted longer than 600 milliseconds.",231,157,1,1,http://localhost:9090/?token=492522191&user=2129849956&config=3,611,0,3
1714902570840,600,HTTP Request 3,200,OK,Thread Group 3 1-43,text,true,,231,157,1,1,http://localhost:9090/?token=492522191&user=2129849956&config=3,600,0,1
1714902571440,572,HTTP Request 3,200,OK,Thread Group 3 1-43,text,true,,231,157,1,1,http://localhost:9090/?token=492522191&user=2129849956&config=3,572,0,0
1714902572012,569,HTTP Request 3,200,OK,Thread Group 3 1-43,text,true,,231,157,2,2,http://localhost:9090/?token=492522191&user=2129849956&config=3,569,0,0
1714902572040,588,HTTP Request 3,200,OK,Thread Group 3 1-44,text,true,,231,157,2,2,http://localhost:9090/?token=492522191&user=2129849956&config=3,588,0,2
1714902572581,674,HTTP Request 3,200,OK,Thread Group 3 1-43,text,false,"The operation lasted too long: It took 674 milliseconds, but should not have lasted longer than 600 milliseconds.",231,157,3,3,http://localhost:9090/?token=492522191&user=2129849956&config=3,674,0,0
1714902572629,643,HTTP Request 3,200,OK,Thread Group 3 1-44,text,false,"The operation lasted too long: It took 643 milliseconds, but should not have lasted longer than 600 milliseconds.",231,157,2,2,http://localhost:9090/?token=492522191&user=2129849956&config=3,643,0,0
1714902573255,616,HTTP Request 3,200,OK,Thread Group 3 1-45,text,false,"The operation lasted too long: It took 616 milliseconds, but should not have lasted longer than 600 milliseconds.",231,157,1,1,http://localhost:9090/?token=492522191&user=2129849956&config=3,616,0,2
1714902574440,571,HTTP Request 3,200,OK,Thread Group 3 1-46,text,true,,231,157,1,1,http://localhost:9090/?token=492522191&user=2129849956&config=3,571,0,2
1714902575011,538,HTTP Request 3,200,OK,Thread Group 3 1-46,text,true,,231,157,1,1,http://localhost:9090/?token=492522191&user=2129849956&config=3,538,0,0
1714902575549,531,HTTP Request 3,200,OK,Thread Group 3 1-46,text,true,,231,157,2,2,http://localhost:9090/?token=492522191&user=2129849956&config=3,531,0,0
1714902575674,552,HTTP Request 3,200,OK,Thread Group 3 1-47,text,true,,231,157,2,2,http://localhost:9090/?token=492522191&user=2129849956&config=3,552,0,2
1714902576081,532,HTTP Request 3,200,OK,Thread Group 3 1-46,text,true,,231,157,2,2,http://localhost:9090/?token=492522191&user=2129849956&config=3,532,0,0
1714902576242,531,HTTP Request 3,200,OK,Thread Group 3 1-47,text,true,,231,157,2,2,http://localhost:9090/?token=492522191&user=2129849956&config=3,531,0,0
1714902576613,529,HTTP Request 3,200,OK,Thread Group 3 1-46,text,true,,231,157,3,3,http://localhost:9090/?token=492522191&user=2129849956&config=3,529,0,0
1714902576773,531,HTTP Request 3,200,OK,Thread Group 3 1-47,text,true,,231,157,3,3,http://localhost:9090/?token=492522191&user=2129849956&config=3,531,0,0
1714902576841,552,HTTP Request 3,200,OK,Thread Group 3 1-48,text,true,,231,157,3,3,http://localhost:9090/?token=492522191&user=2129849956&config=3,552,0,1
1714902577142,531,HTTP Request 3,200,OK,Thread Group 3 1-46,text,true,,231,157,3,3,http://localhost:9090/?token=492522191&user=2129849956&config=3,531,0,0
1714902577304,532,HTTP Request 3,200,OK,Thread Group 3 1-47,text,true,,231,157,3,3,http://localhost:9090/?token=492522191&user=2129849956&config=3,532,0,0
1714902577394,532,HTTP Request 3,200,OK,Thread Group 3 1-48,text,true,,231,157,3,3,http://localhost:9090/?token=492522191&user=2129849956&config=3,532,0,0
1714902577673,539,HTTP Request 3,200,OK,Thread Group 3 1-46,text,true,,231,157,4,4,http://localhost:9090/?token=492522191&user=2129849956&config=3,539,0,0
1714902577836,533,HTTP Request 3,200,OK,Thread Group 3 1-47,text,true,,231,157,4,4,http://localhost:9090/?token=492522191&user=2129849956&config=3,533,0,0
1714902577926,538,HTTP Request 3,200,OK,Thread Group 3 1-48,text,true,,231,157,4,4,http://localhost:9090/?token=492522191&user=2129849956&config=3,538,0,0
1714902578039,555,HTTP Request 3,200,OK,Thread Group 3 1-49,text,true,,231,157,4,4,http://localhost:9090/?token=492522191&user=2129849956&config=3,555,0,1
1714902578212,536,HTTP Request 3,200,OK,Thread Group 3 1-46,text,true,,231,157,4,4,http://localhost:9090/?token=492522191&user=2129849956&config=3,536,0,0
1714902578369,539,HTTP Request 3,200,OK,Thread Group 3 1-47,text,true,,231,157,4,4,http://localhost:9090/?token=492522191&user=2129849956&config=3,539,0,0
1714902578465,537,HTTP Request 3,200,OK,Thread Group 3 1-48,text,true,,231,157,4,4,http://localhost:9090/?token=492522191&user=2129849956&config=3,537,0,0
1714902578594,537,HTTP Request 3,200,OK,Thread Group 3 1-49,text,true,,231,157,4,4,http://localhost:9090/?token=492522191&user=2129849956&config=3,537,0,0
1714902578748,539,HTTP Request 3,200,OK,Thread Group 3 1-46,text,true,,231,157,5,5,http://localhost:9090/?token=492522191&user=2129849956&config=3,539,0,0
1714902578908,541,HTTP Request 3,200,OK,Thread Group 3 1-47,text,true,,231,157,5,5,http://localhost:9090/?token=492522191&user=2129849956&config=3,541,0,0
1714902579002,540,HTTP Request 3,200,OK,Thread Group 3 1-48,text,true,,231,157,5,5,http://localhost:9090/?token=492522191&user=2129849956&config=3,540,0,0
1714902579131,542,HTTP Request 3,200,OK,Thread Group 3 1-49,text,true,,231,157,5,5,http://localhost:9090/?token=492522191&user=2129849956&config=3,542,0,0
1714902579240,572,HTTP Request 3,200,OK,Thread Group 3 1-50,text,true,,231,157,5,5,http://localhost:9090/?token=492522191&user=2129849956&config=3,572,0,1
1714902579304,543,HTTP Request 3,200,OK,Thread Group 3 1-46,text,true,,231,157,5,5,http://localhost:9090/?token=492522191&user=2129849956&config=3,543,0,0
1714902579449,543,HTTP Request 3,200,OK,Thread Group 3 1-47,text,true,,231,157,5,5,http://localhost:9090/?token=492522191&user=2129849956&config=3,543,0,0
1714902579542,544,HTTP Request 3,200,OK,Thread Group 3 1-48,text,true,,231,157,5,5,http://localhost:9090/?token=492522191&user=2129849956&config=3,544,0,0
1714902579673,547,HTTP Request 3,200,OK,Thread Group 3 1-49,text,true,,231,157,5,5,http://localhost:9090/?token=492522191&user=2129849956&config=3,547,0,0
1714902579813,546,HTTP Request 3,200,OK,Thread Group 3 1-50,text,true,,231,157,5,5,http://localhost:9090/?token=492522191&user=2129849956&config=3,546,0,0
1714902579847,546,HTTP Request 3,200,OK,Thread Group 3 1-46,text,true,,231,157,5,5,http://localhost:9090/?token=492522191&user=2129849956&config=3,546,0,0
1714902579993,549,HTTP Request 3,200,OK,Thread Group 3 1-47,text,true,,231,157,6,6,http://localhost:9090/?token=492522191&user=2129849956&config=3,549,0,0
1714902580086,549,HTTP Request 3,200,OK,Thread Group 3 1-48,text,true,,231,157,6,6,http://localhost:9090/?token=492522191&user=2129849956&config=3,549,0,0
1714902580220,549,HTTP Request 3,200,OK,Thread Group 3 1-49,text,true,,231,157,6,6,http://localhost:9090/?token=492522191&user=2129849956&config=3,549,0,0
1714902580360,550,HTTP Request 3,200,OK,Thread Group 3 1-50,text,true,,231,157,6,6,http://localhost:9090/?token=492522191&user=2129849956&config=3,550,0,0
1714902580393,551,HTTP Request 3,200,OK,Thread Group 3 1-46,text,true,,231,157,6,6,http://localhost:9090/?token=492522191&user=2129849956&config=3,551,0,0
1714902580441,574,HTTP Request 3,200,OK,Thread Group 3 1-51,text,true,,231,157,6,6,http://localhost:9090/?token=492522191&user=2129849956&config=3,574,0,2
1714902580542,553,HTTP Request 3,200,OK,Thread Group 3 1-47,text,true,,231,157,6,6,http://localhost:9090/?token=492522191&user=2129849956&config=3,553,0,0
1714902580635,554,HTTP Request 3,200,OK,Thread Group 3 1-48,text,true,,231,157,6,6,http://localhost:9090/?token=492522191&user=2129849956&config=3,554,0,0
1714902580769,554,HTTP Request 3,200,OK,Thread Group 3 1-49,text,true,,231,157,6,6,http://localhost:9090/?token=492522191&user=2129849956&config=3,554,0,0
1714902580910,554,HTTP Request 3,200,OK,Thread Group 3 1-50,text,true,,231,157,6,6,http://localhost:9090/?token=492522191&user=2129849956&config=3,554,0,0
1714902580944,554,HTTP Request 3,200,OK,Thread Group 3 1-46,text,true,,231,157,6,6,http://localhost:9090/?token=492522191&user=2129849956&config=3,554,0,0
1714902581015,556,HTTP Request 3,200,OK,Thread Group 3 1-51,text,true,,231,157,6,6,http://localhost:9090/?token=492522191&user=2129849956&config=3,556,0,0
1714902581095,557,HTTP Request 3,200,OK,Thread Group 3 1-47,text,true,,231,157,7,7,http://localhost:9090/?token=492522191&user=2129849956&config=3,557,0,0
1714902581189,558,HTTP Request 3,200,OK,Thread Group 3 1-48,text,true,,231,157,7,7,http://localhost:9090/?token=492522191&user=2129849956&config=3,558,0,0
1714902581329,560,HTTP Request 3,200,OK,Thread Group 3 1-49,text,true,,231,157,7,7,http://localhost:9090/?token=492522191&user=2129849956&config=3,560,0,0
1714902581465,559,HTTP Request 3,200,OK,Thread Group 3 1-50,text,true,,231,157,7,7,http://localhost:9090/?token=492522191&user=2129849956&config=3,559,0,0
1714902581499,560,HTTP Request 3,200,OK,Thread Group 3 1-46,text,true,,231,157,7,7,http://localhost:9090/?token=492522191&user=2129849956&config=3,560,0,0
1714902581571,562,HTTP Request 3,200,OK,Thread Group 3 1-51,text,true,,231,157,7,7,http://localhost:9090/?token=492522191&user=2129849956&config=3,562,0,0
1714902581652,562,HTTP Request 3,200,OK,Thread Group 3 1-47,text,true,,231,157,7,7,http://localhost:9090/?token=492522191&user=2129849956&config=3,562,0,0
1714902581641,591,HTTP Request 3,200,OK,Thread Group 3 1-52,text,true,,231,157,7,7,http://localhost:9090/?token=492522191&user=2129849956&config=3,591,0,2
1714902581747,564,HTTP Request 3,200,OK,Thread Group 3 1-48,text,true,,231,157,7,7,http://localhost:9090/?token=492522191&user=2129849956&config=3,564,0,0
1714902581889,564,HTTP Request 3,200,OK,Thread Group 3 1-49,text,true,,231,157,7,7,http://localhost:9090/?token=492522191&user=2129849956&config=3,564,0,0
1714902582024,566,HTTP Request 3,200,OK,Thread Group 3 1-50,text,true,,231,157,7,7,http://localhost:9090/?token=492522191&user=2129849956&config=3,566,0,0
1714902582059,566,HTTP Request 3,200,OK,Thread Group 3 1-46,text,true,,231,157,7,7,http://localhost:9090/?token=492522191&user=2129849956&config=3,566,0,0
1714902582133,566,HTTP Request 3,200,OK,Thread Group 3 1-51,text,true,,231,157,7,7,http://localhost:9090/?token=492522191&user=2129849956&config=3,566,0,0
1714902582214,568,HTTP Request 3,200,OK,Thread Group 3 1-47,text,true,,231,157,7,7,http://localhost:9090/?token=492522191&user=2129849956&config=3,568,0,0
1714902582232,568,HTTP Request 3,200,OK,Thread Group 3 1-52,text,true,,231,157,7,7,http://localhost:9090/?token=492522191&user=2129849956&config=3,568,0,0
1714902582311,571,HTTP Request 3,200,OK,Thread Group 3 1-48,text,true,,231,157,8,8,http://localhost:9090/?token=492522191&user=2129849956&config=3,571,0,0
1714902582454,570,HTTP Request 3,200,OK,Thread Group 3 1-49,text,true,,231,157,8,8,http://localhost:9090/?token=492522191&user=2129849956&config=3,570,0,0
1714902582591,570,HTTP Request 3,200,OK,Thread Group 3 1-50,text,true,,231,157,8,8,http://localhost:9090/?token=492522191&user=2129849956&config=3,570,0,0
1714902582625,571,HTTP Request 3,200,OK,Thread Group 3 1-46,text,true,,231,157,8,8,http://localhost:9090/?token=492522191&user=2129849956&config=3,571,0,0
1714902582700,571,HTTP Request 3,200,OK,Thread Group 3 1-51,text,true,,231,157,8,8,http://localhost:9090/?token=492522191&user=2129849956&config=3,571,0,0
1714902582782,572,HTTP Request 3,200,OK,Thread Group 3 1-47,text,true,,231,157,8,8,http://localhost:9090/?token=492522191&user=2129849956&config=3,572,0,0
1714902582800,588,HTTP Request 3,200,OK,Thread Group 3 1-52,text,true,,231,157,8,8,http://localhost:9090/?token=492522191&user=2129849956&config=3,588,0,0
1714902582839,595,HTTP Request 3,200,OK,Thread Group 3 1-53,text,true,,231,157,8,8,http://localhost:9090/?token=492522191&user=2129849956&config=3,595,0,2
1714902582882,576,HTTP Request 3,200,OK,Thread Group 3 1-48,text,true,,231,157,8,8,http://localhost:9090/?token=492522191&user=2129849956&config=3,576,0,0
1714902583024,576,HTTP Request 3,200,OK,Thread Group 3 1-49,text,true,,231,157,8,8,http://localhost:9090/?token=492522191&user=2129849956&config=3,576,0,0
1714902583161,577,HTTP Request 3,200,OK,Thread Group 3 1-50,text,true,,231,157,8,8,http://localhost:9090/?token=492522191&user=2129849956&config=3,577,0,0
1714902583197,578,HTTP Request 3,200,OK,Thread Group 3 1-46,text,true,,231,157,8,8,http://localhost:9090/?token=492522191&user=2129849956&config=3,578,0,0
1714902583271,580,HTTP Request 3,200,OK,Thread Group 3 1-51,text,true,,231,157,8,8,http://localhost:9090/?token=492522191&user=2129849956&config=3,580,0,0
1714902583371,580,HTTP Request 3,200,OK,Thread Group 3 1-47,text,true,,231,157,8,8,http://localhost:9090/?token=492522191&user=2129849956&config=3,580,0,0
1714902583389,581,HTTP Request 3,200,OK,Thread Group 3 1-52,text,true,,231,157,8,8,http://localhost:9090/?token=492522191&user=2129849956&config=3,581,0,0
1714902583434,582,HTTP Request 3,200,OK,Thread Group 3 1-53,text,true,,231,157,8,8,http://localhost:9090/?token=492522191&user=2129849956&config=3,582,0,0
1714902583458,583,HTTP Request 3,200,OK,Thread Group 3 1-48,text,true,,231,157,9,9,http://localhost:9090/?token=492522191&user=2129849956&config=3,583,0,0
1714902583600,584,HTTP Request 3,200,OK,Thread Group 3 1-49,text,true,,231,157,9,9,http://localhost:9090/?token=492522191&user=2129849956&config=3,584,0,0
1714902583738,584,HTTP Request 3,200,OK,Thread Group 3 1-50,text,true,,231,157,9,9,http://localhost:9090/?token=492522191&user=2129849956&config=3,584,0,0
1714902583775,586,HTTP Request 3,200,OK,Thread Group 3 1-46,text,true,,231,157,9,9,http://localhost:9090/?token=492522191&user=2129849956&config=3,586,0,0
1714902583851,590,HTTP Request 3,200,OK,Thread Group 3 1-51,text,true,,231,157,9,9,http://localhost:9090/?token=492522191&user=2129849956&config=3,590,0,0
1714902583951,589,HTTP Request 3,200,OK,Thread Group 3 1-47,text,true,,231,157,9,9,http://localhost:9090/?token=492522191&user=2129849956&config=3,589,0,0
1714902583970,589,HTTP Request 3,200,OK,Thread Group 3 1-52,text,true,,231,157,9,9,http://localhost:9090/?token=492522191&user=2129849956&config=3,589,0,0
1714902584016,592,HTTP Request 3,200,OK,Thread Group 3 1-53,text,true,,231,157,9,9,http://localhost:9090/?token=492522191&user=2129849956&config=3,592,0,0
1714902584041,599,HTTP Request 3,200,OK,Thread Group 3 1-48,text,true,,231,157,9,9,http://localhost:9090/?token=492522191&user=2129849956&config=3,599,0,0
1714902584040,617,HTTP Request 3,200,OK,Thread Group 3 1-54,text,false,"The operation lasted too long: It took 617 milliseconds, but should not have lasted longer than 600 milliseconds.",231,157,9,9,http://localhost:9090/?token=492522191&user=2129849956&config=3,617,0,1
1714902584185,594,HTTP Request 3,200,OK,Thread Group 3 1-49,text,true,,231,157,8,8,http://localhost:9090/?token=492522191&user=2129849956&config=3,594,0,0
1714902584322,595,HTTP Request 3,200,OK,Thread Group 3 1-50,text,true,,231,157,8,8,http://localhost:9090/?token=492522191&user=2129849956&config=3,595,0,0
1714902584362,596,HTTP Request 3,200,OK,Thread Group 3 1-46,text,true,,231,157,8,8,http://localhost:9090/?token=492522191&user=2129849956&config=3,596,0,0
1714902584442,598,HTTP Request 3,200,OK,Thread Group 3 1-51,text,true,,231,157,8,8,http://localhost:9090/?token=492522191&user=2129849956&config=3,598,0,0
1714902584541,598,HTTP Request 3,200,OK,Thread Group 3 1-47,text,true,,231,157,8,8,http://localhost:9090/?token=492522191&user=2129849956&config=3,598,0,0
1714902584560,601,HTTP Request 3,200,OK,Thread Group 3 1-52,text,false,"The operation lasted too long: It took 601 milliseconds, but should not have lasted longer than 600 milliseconds.",231,157,8,8,http://localhost:9090/?token=492522191&user=2129849956&config=3,601,0,0
1714902584609,601,HTTP Request 3,200,OK,Thread Group 3 1-53,text,false,"The operation lasted too long: It took 601 milliseconds, but should not have lasted longer than 600 milliseconds.",231,157,7,7,http://localhost:9090/?token=492522191&user=2129849956&config=3,601,0,0
1714902584640,605,HTTP Request 3,200,OK,Thread Group 3 1-48,text,false,"The operation lasted too long: It took 605 milliseconds, but should not have lasted longer than 600 milliseconds.",231,157,7,7,http://localhost:9090/?token=492522191&user=2129849956&config=3,605,0,0
1714902584780,603,HTTP Request 3,200,OK,Thread Group 3 1-49,text,false,"The operation lasted too long: It took 603 milliseconds, but should not have lasted longer than 600 milliseconds.",231,157,6,6,http://localhost:9090/?token=492522191&user=2129849956&config=3,603,0,0
1714902584917,605,HTTP Request 3,200,OK,Thread Group 3 1-50,text,false,"The operation lasted too long: It took 605 milliseconds, but should not have lasted longer than 600 milliseconds.",231,157,5,5,http://localhost:9090/?token=492522191&user=2129849956&config=3,605,0,0
1714902584963,606,HTTP Request 3,200,OK,Thread Group 3 1-46,text,false,"The operation lasted too long: It took 606 milliseconds, but should not have lasted longer than 600 milliseconds.",231,157,4,4,http://localhost:9090/?token=492522191&user=2129849956&config=3,606,0,0
1714902585040,606,HTTP Request 3,200,OK,Thread Group 3 1-51,text,false,"The operation lasted too long: It took 606 milliseconds, but should not have lasted longer than 600 milliseconds.",231,157,3,3,http://localhost:9090/?token=492522191&user=2129849956&config=3,606,0,0
1714902585139,606,HTTP Request 3,200,OK,Thread Group 3 1-47,text,false,"The operation lasted too long: It took 606 milliseconds, but should not have lasted longer than 600 milliseconds.",231,157,2,2,http://localhost:9090/?token=492522191&user=2129849956&config=3,606,0,0
1714902585241,630,HTTP Request 3,200,OK,Thread Group 3 1-55,text,false,"The operation lasted too long: It took 630 milliseconds, but should not have lasted longer than 600 milliseconds.",231,157,1,1,http://localhost:9090/?token=492522191&user=2129849956&config=3,630,0,1
1714902586441,742,HTTP Request 3,200,OK,Thread Group 3 1-56,text,false,"The operation lasted too long: It took 742 milliseconds, but should not have lasted longer than 600 milliseconds.",231,157,1,1,http://localhost:9090/?token=492522191&user=2129849956&config=3,742,0,1
1714902587640,622,HTTP Request 3,200,OK,Thread Group 3 1-57,text,false,"The operation lasted too long: It took 622 milliseconds, but should not have lasted longer than 600 milliseconds.",231,157,1,1,http://localhost:9090/?token=492522191&user=2129849956&config=3,622,0,2
1714902588839,699,HTTP Request 3,200,OK,Thread Group 3 1-58,text,false,"The operation lasted too long: It took 699 milliseconds, but should not have lasted longer than 600 milliseconds.",231,157,1,1,http://localhost:9090/?token=492522191&user=2129849956&config=3,699,0,1
1714902590040,624,HTTP Request 3,200,OK,Thread Group 3 1-59,text,false,"The operation lasted too long: It took 624 milliseconds, but should not have lasted longer than 600 milliseconds.",231,157,1,1,http://localhost:9090/?token=492522191&user=2129849956&config=3,624,0,1
1714902591242,711,HTTP Request 3,200,OK,Thread Group 3 1-60,text,false,"The operation lasted too long: It took 711 milliseconds, but should not have lasted longer than 600 milliseconds.",231,157,1,1,http://localhost:9090/?token=492522191&user=2129849956&config=3,711,0,2
1714902592440,573,HTTP Request 3,200,OK,Thread Group 3 1-61,text,true,,231,157,1,1,http://localhost:9090/?token=492522191&user=2129849956&config=3,573,0,2
1714902593014,619,HTTP Request 3,200,OK,Thread Group 3 1-61,text,false,"The operation lasted too long: It took 619 milliseconds, but should not have lasted longer than 600 milliseconds.",231,157,1,1,http://localhost:9090/?token=492522191&user=2129849956&config=3,619,0,0
1714902593641,608,HTTP Request 3,200,OK,Thread Group 3 1-62,text,false,"The operation lasted too long: It took 608 milliseconds, but should not have lasted longer than 600 milliseconds.",231,157,1,1,http://localhost:9090/?token=492522191&user=2129849956&config=3,608,0,2
1714902594837,547,HTTP Request 3,200,OK,Thread Group 3 1-63,text,true,,231,157,1,1,http://localhost:9090/?token=492522191&user=2129849956&config=3,547,0,2
1714902595385,604,HTTP Request 3,200,OK,Thread Group 3 1-63,text,false,"The operation lasted too long: It took 604 milliseconds, but should not have lasted longer than 600 milliseconds.",231,157,1,1,http://localhost:9090/?token=492522191&user=2129849956&config=3,604,0,0
1714902596039,550,HTTP Request 3,200,OK,Thread Group 3 1-64,text,true,,231,157,1,1,http://localhost:9090/?token=492522191&user=2129849956&config=3,550,0,1
1714902596589,629,HTTP Request 3,200,OK,Thread Group 3 1-64,text,false,"The operation lasted too long: It took 629 milliseconds, but should not have lasted longer than 600 milliseconds.",231,157,1,1,http://localhost:9090/?token=492522191&user=2129849956&config=3,629,0,0
1714902597253,546,HTTP Request 3,200,OK,Thread Group 3 1-65,text,true,,231,157,1,1,http://localhost:9090/?token=492522191&user=2129849956&config=3,546,0,2
1714902597799,647,HTTP Request 3,200,OK,Thread Group 3 1-65,text,false,"The operation lasted too long: It took 647 milliseconds, but should not have lasted longer than 600 milliseconds.",231,157,1,1,http://localhost:9090/?token=492522191&user=2129849956&config=3,647,0,0
1714902598452,609,HTTP Request 3,200,OK,Thread Group 3 1-66,text,false,"The operation lasted too long: It took 609 milliseconds, but should not have lasted longer than 600 milliseconds.",231,157,1,1,http://localhost:9090/?token=492522191&user=2129849956&config=3,609,0,2
1714902599641,648,HTTP Request 3,200,OK,Thread Group 3 1-67,text,false,"The operation lasted too long: It took 648 milliseconds, but should not have lasted longer than 600 milliseconds.",231,157,1,1,http://localhost:9090/?token=492522191&user=2129849956&config=3,648,0,2
1714902600839,577,HTTP Request 3,200,OK,Thread Group 3 1-68,text,true,,231,157,1,1,http://localhost:9090/?token=492522191&user=2129849956&config=3,577,0,1
1714902601417,614,HTTP Request 3,200,OK,Thread Group 3 1-68,text,false,"The operation lasted too long: It took 614 milliseconds, but should not have lasted longer than 600 milliseconds.",231,157,1,1,http://localhost:9090/?token=492522191&user=2129849956&config=3,614,0,0
1714902602048,547,HTTP Request 3,200,OK,Thread Group 3 1-69,text,true,,231,157,1,1,http://localhost:9090/?token=492522191&user=2129849956&config=3,547,0,1
1714902602595,527,HTTP Request 3,200,OK,Thread Group 3 1-69,text,true,,231,157,1,1,http://localhost:9090/?token=492522191&user=2129849956&config=3,527,0,0
1714902603122,527,HTTP Request 3,200,OK,Thread Group 3 1-69,text,true,,231,157,2,2,http://localhost:9090/?token=492522191&user=2129849956&config=3,527,0,0
1714902603239,548,HTTP Request 3,200,OK,Thread Group 3 1-70,text,true,,231,157,2,2,http://localhost:9090/?token=492522191&user=2129849956&config=3,548,0,0
1714902603649,528,HTTP Request 3,200,OK,Thread Group 3 1-69,text,true,,231,157,2,2,http://localhost:9090/?token=492522191&user=2129849956&config=3,528,0,0
1714902603787,528,HTTP Request 3,200,OK,Thread Group 3 1-70,text,true,,231,157,2,2,http://localhost:9090/?token=492522191&user=2129849956&config=3,528,0,0
1714902604178,529,HTTP Request 3,200,OK,Thread Group 3 1-69,text,true,,231,157,3,3,http://localhost:9090/?token=492522191&user=2129849956&config=3,529,0,0
1714902604324,531,HTTP Request 3,200,OK,Thread Group 3 1-70,text,true,,231,157,3,3,http://localhost:9090/?token=492522191&user=2129849956&config=3,531,0,0
1714902604439,552,HTTP Request 3,200,OK,Thread Group 3 1-71,text,true,,231,157,3,3,http://localhost:9090/?token=492522191&user=2129849956&config=3,552,0,2
1714902604707,532,HTTP Request 3,200,OK,Thread Group 3 1-69,text,true,,231,157,3,3,http://localhost:9090/?token=492522191&user=2129849956&config=3,532,0,0
1714902604855,534,HTTP Request 3,200,OK,Thread Group 3 1-70,text,true,,231,157,3,3,http://localhost:9090/?token=492522191&user=2129849956&config=3,534,0,0
1714902604991,533,HTTP Request 3,200,OK,Thread Group 3 1-71,text,true,,231,157,3,3,http://localhost:9090/?token=492522191&user=2129849956&config=3,533,0,0
1714902605239,533,HTTP Request 3,200,OK,Thread Group 3 1-69,text,true,,231,157,4,4,http://localhost:9090/?token=492522191&user=2129849956&config=3,533,0,0
1714902605389,534,HTTP Request 3,200,OK,Thread Group 3 1-70,text,true,,231,157,4,4,http://localhost:9090/?token=492522191&user=2129849956&config=3,534,0,0
1714902605524,533,HTTP Request 3,200,OK,Thread Group 3 1-71,text,true,,231,157,4,4,http://localhost:9090/?token=492522191&user=2129849956&config=3,533,0,0
1714902605658,556,HTTP Request 3,200,OK,Thread Group 3 1-72,text,true,,231,157,4,4,http://localhost:9090/?token=492522191&user=2129849956&config=3,556,0,2
1714902605772,535,HTTP Request 3,200,OK,Thread Group 3 1-69,text,true,,231,157,4,4,http://localhost:9090/?token=492522191&user=2129849956&config=3,535,0,0
1714902605923,536,HTTP Request 3,200,OK,Thread Group 3 1-70,text,true,,231,157,4,4,http://localhost:9090/?token=492522191&user=2129849956&config=3,536,0,0
1714902606057,537,HTTP Request 3,200,OK,Thread Group 3 1-71,text,true,,231,157,4,4,http://localhost:9090/?token=492522191&user=2129849956&config=3,537,0,0
1714902606214,537,HTTP Request 3,200,OK,Thread Group 3 1-72,text,true,,231,157,4,4,http://localhost:9090/?token=492522191&user=2129849956&config=3,537,0,0
1714902606350,538,HTTP Request 3,200,OK,Thread Group 3 1-69,text,true,,231,157,5,5,http://localhost:9090/?token=492522191&user=2129849956&config=3,538,0,0
1714902606460,538,HTTP Request 3,200,OK,Thread Group 3 1-70,text,true,,231,157,5,5,http://localhost:9090/?token=492522191&user=2129849956&config=3,538,0,0
1714902606594,537,HTTP Request 3,200,OK,Thread Group 3 1-71,text,true,,231,157,5,5,http://localhost:9090/?token=492522191&user=2129849956&config=3,537,0,0
1714902606751,540,HTTP Request 3,200,OK,Thread Group 3 1-72,text,true,,231,157,5,5,http://localhost:9090/?token=492522191&user=2129849956&config=3,540,0,0
1714902606840,561,HTTP Request 3,200,OK,Thread Group 3 1-73,text,true,,231,157,5,5,http://localhost:9090/?token=492522191&user=2129849956&config=3,561,0,1
1714902606888,542,HTTP Request 3,200,OK,Thread Group 3 1-69,text,true,,231,157,5,5,http://localhost:9090/?token=492522191&user=2129849956&config=3,542,0,0
1714902606998,544,HTTP Request 3,200,OK,Thread Group 3 1-70,text,true,,231,157,5,5,http://localhost:9090/?token=492522191&user=2129849956&config=3,544,0,0
1714902607132,544,HTTP Request 3,200,OK,Thread Group 3 1-71,text,true,,231,157,5,5,http://localhost:9090/?token=492522191&user=2129849956&config=3,544,0,0
1714902607291,544,HTTP Request 3,200,OK,Thread Group 3 1-72,text,true,,231,157,5,5,http://localhost:9090/?token=492522191&user=2129849956&config=3,544,0,0
1714902607401,544,HTTP Request 3,200,OK,Thread Group 3 1-73,text,true,,231,157,5,5,http://localhost:9090/?token=492522191&user=2129849956&config=3,544,0,0
1714902607430,545,HTTP Request 3,200,OK,Thread Group 3 1-69,text,true,,231,157,5,5,http://localhost:9090/?token=492522191&user=2129849956&config=3,545,0,0
1714902607542,552,HTTP Request 3,200,OK,Thread Group 3 1-70,text,true,,231,157,6,6,http://localhost:9090/?token=492522191&user=2129849956&config=3,552,0,0
1714902607676,547,HTTP Request 3,200,OK,Thread Group 3 1-71,text,true,,231,157,6,6,http://localhost:9090/?token=492522191&user=2129849956&config=3,547,0,0
1714902607835,554,HTTP Request 3,200,OK,Thread Group 3 1-72,text,true,,231,157,6,6,http://localhost:9090/?token=492522191&user=2129849956&config=3,554,0,0
1714902607945,552,HTTP Request 3,200,OK,Thread Group 3 1-73,text,true,,231,157,6,6,http://localhost:9090/?token=492522191&user=2129849956&config=3,552,0,0
1714902607975,551,HTTP Request 3,200,OK,Thread Group 3 1-69,text,true,,231,157,6,6,http://localhost:9090/?token=492522191&user=2129849956&config=3,551,0,0
1714902608051,572,HTTP Request 3,200,OK,Thread Group 3 1-74,text,true,,231,157,6,6,http://localhost:9090/?token=492522191&user=2129849956&config=3,572,0,1
1714902608094,551,HTTP Request 3,200,OK,Thread Group 3 1-70,text,true,,231,157,6,6,http://localhost:9090/?token=492522191&user=2129849956&config=3,551,0,0
1714902608223,550,HTTP Request 3,200,OK,Thread Group 3 1-71,text,true,,231,157,6,6,http://localhost:9090/?token=492522191&user=2129849956&config=3,550,0,0
1714902608431,551,HTTP Request 3,200,OK,Thread Group 3 1-72,text,true,,231,157,6,6,http://localhost:9090/?token=492522191&user=2129849956&config=3,551,0,0
1714902608497,551,HTTP Request 3,200,OK,Thread Group 3 1-73,text,true,,231,157,6,6,http://localhost:9090/?token=492522191&user=2129849956&config=3,551,0,0
1714902608527,552,HTTP Request 3,200,OK,Thread Group 3 1-69,text,true,,231,157,6,6,http://localhost:9090/?token=492522191&user=2129849956&config=3,552,0,0
1714902608623,557,HTTP Request 3,200,OK,Thread Group 3 1-74,text,true,,231,157,6,6,http://localhost:9090/?token=492522191&user=2129849956&config=3,557,0,0
1714902608645,558,HTTP Request 3,200,OK,Thread Group 3 1-70,text,true,,231,157,6,6,http://localhost:9090/?token=492522191&user=2129849956&config=3,558,0,0
1714902608773,556,HTTP Request 3,200,OK,Thread Group 3 1-71,text,true,,231,157,7,7,http://localhost:9090/?token=492522191&user=2129849956&config=3,556,0,0
1714902608982,557,HTTP Request 3,200,OK,Thread Group 3 1-72,text,true,,231,157,7,7,http://localhost:9090/?token=492522191&user=2129849956&config=3,557,0,0
1714902609049,557,HTTP Request 3,200,OK,Thread Group 3 1-73,text,true,,231,157,7,7,http://localhost:9090/?token=492522191&user=2129849956&config=3,557,0,0
1714902609079,557,HTTP Request 3,200,OK,Thread Group 3 1-69,text,true,,231,157,7,7,http://localhost:9090/?token=492522191&user=2129849956&config=3,557,0,0
1714902609181,558,HTTP Request 3,200,OK,Thread Group 3 1-74,text,true,,231,157,7,7,http://localhost:9090/?token=492522191&user=2129849956&config=3,558,0,0
1714902609203,560,HTTP Request 3,200,OK,Thread Group 3 1-70,text,true,,231,157,7,7,http://localhost:9090/?token=492522191&user=2129849956&config=3,560,0,0
1714902609239,582,HTTP Request 3,200,OK,Thread Group 3 1-75,text,true,,231,157,7,7,http://localhost:9090/?token=492522191&user=2129849956&config=3,582,0,1
1714902609330,562,HTTP Request 3,200,OK,Thread Group 3 1-71,text,true,,231,157,7,7,http://localhost:9090/?token=492522191&user=2129849956&config=3,562,0,0
1714902609539,564,HTTP Request 3,200,OK,Thread Group 3 1-72,text,true,,231,157,7,7,http://localhost:9090/?token=492522191&user=2129849956&config=3,564,0,0
1714902609607,564,HTTP Request 3,200,OK,Thread Group 3 1-73,text,true,,231,157,7,7,http://localhost:9090/?token=492522191&user=2129849956&config=3,564,0,0
1714902609637,565,HTTP Request 3,200,OK,Thread Group 3 1-69,text,true,,231,157,7,7,http://localhost:9090/?token=492522191&user=2129849956&config=3,565,0,0
1714902609739,565,HTTP Request 3,200,OK,Thread Group 3 1-74,text,true,,231,157,7,7,http://localhost:9090/?token=492522191&user=2129849956&config=3,565,0,0
1714902609764,566,HTTP Request 3,200,OK,Thread Group 3 1-70,text,true,,231,157,7,7,http://localhost:9090/?token=492522191&user=2129849956&config=3,566,0,0
1714902609821,568,HTTP Request 3,200,OK,Thread Group 3 1-75,text,true,,231,157,7,7,http://localhost:9090/?token=492522191&user=2129849956&config=3,568,0,0
1714902609892,570,HTTP Request 3,200,OK,Thread Group 3 1-71,text,true,,231,157,8,8,http://localhost:9090/?token=492522191&user=2129849956&config=3,570,0,0
1714902610103,569,HTTP Request 3,200,OK,Thread Group 3 1-72,text,true,,231,157,8,8,http://localhost:9090/?token=492522191&user=2129849956&config=3,569,0,0
1714902610171,570,HTTP Request 3,200,OK,Thread Group 3 1-73,text,true,,231,157,8,8,http://localhost:9090/?token=492522191&user=2129849956&config=3,570,0,0
1714902610202,571,HTTP Request 3,200,OK,Thread Group 3 1-69,text,true,,231,157,8,8,http://localhost:9090/?token=492522191&user=2129849956&config=3,571,0,0
1714902610304,574,HTTP Request 3,200,OK,Thread Group 3 1-74,text,true,,231,157,8,8,http://localhost:9090/?token=492522191&user=2129849956&config=3,574,0,0
1714902610330,575,HTTP Request 3,200,OK,Thread Group 3 1-70,text,true,,231,157,8,8,http://localhost:9090/?token=492522191&user=2129849956&config=3,575,0,0
1714902610389,575,HTTP Request 3,200,OK,Thread Group 3 1-75,text,true,,231,157,8,8,http://localhost:9090/?token=492522191&user=2129849956&config=3,575,0,0
1714902610492,578,HTTP Request 3,200,OK,Thread Group 3 1-71,text,true,,231,157,8,8,http://localhost:9090/?token=492522191&user=2129849956&config=3,578,0,0
1714902610439,650,HTTP Request 3,200,OK,Thread Group 3 1-76,text,false,"The operation lasted too long: It took 650 milliseconds, but should not have lasted longer than 600 milliseconds.",231,157,8,8,http://localhost:9090/?token=492522191&user=2129849956&config=3,650,0,2
1714902610672,577,HTTP Request 3,200,OK,Thread Group 3 1-72,text,true,,231,157,7,7,http://localhost:9090/?token=492522191&user=2129849956&config=3,577,0,0
1714902610741,579,HTTP Request 3,200,OK,Thread Group 3 1-73,text,true,,231,157,7,7,http://localhost:9090/?token=492522191&user=2129849956&config=3,578,0,0
1714902610773,580,HTTP Request 3,200,OK,Thread Group 3 1-69,text,true,,231,157,7,7,http://localhost:9090/?token=492522191&user=2129849956&config=3,580,0,0
1714902610878,581,HTTP Request 3,200,OK,Thread Group 3 1-74,text,true,,231,157,7,7,http://localhost:9090/?token=492522191&user=2129849956&config=3,581,0,0
1714902610905,612,HTTP Request 3,200,OK,Thread Group 3 1-70,text,false,"The operation lasted too long: It took 612 milliseconds, but should not have lasted longer than 600 milliseconds.",231,157,7,7,http://localhost:9090/?token=492522191&user=2129849956&config=3,612,0,0
1714902610981,582,HTTP Request 3,200,OK,Thread Group 3 1-75,text,true,,231,157,6,6,http://localhost:9090/?token=492522191&user=2129849956&config=3,582,0,0
1714902611070,582,HTTP Request 3,200,OK,Thread Group 3 1-71,text,true,,231,157,7,7,http://localhost:9090/?token=492522191&user=2129849956&config=3,582,0,0
1714902611250,585,HTTP Request 3,200,OK,Thread Group 3 1-72,text,true,,231,157,7,7,http://localhost:9090/?token=492522191&user=2129849956&config=3,585,0,0
1714902611320,585,HTTP Request 3,200,OK,Thread Group 3 1-73,text,true,,231,157,7,7,http://localhost:9090/?token=492522191&user=2129849956&config=3,585,0,0
1714902611354,586,HTTP Request 3,200,OK,Thread Group 3 1-69,text,true,,231,157,7,7,http://localhost:9090/?token=492522191&user=2129849956&config=3,586,0,0
1714902611511,586,HTTP Request 3,200,OK,Thread Group 3 1-74,text,true,,231,157,7,7,http://localhost:9090/?token=492522191&user=2129849956&config=3,586,0,0
1714902611563,589,HTTP Request 3,200,OK,Thread Group 3 1-75,text,true,,231,157,7,7,http://localhost:9090/?token=492522191&user=2129849956&config=3,589,0,0
1714902611653,589,HTTP Request 3,200,OK,Thread Group 3 1-71,text,true,,231,157,7,7,http://localhost:9090/?token=492522191&user=2129849956&config=3,589,0,0
1714902611641,620,HTTP Request 3,200,OK,Thread Group 3 1-77,text,false,"The operation lasted too long: It took 620 milliseconds, but should not have lasted longer than 600 milliseconds.",231,157,7,7,http://localhost:9090/?token=492522191&user=2129849956&config=3,620,0,2
1714902611835,591,HTTP Request 3,200,OK,Thread Group 3 1-72,text,true,,231,157,6,6,http://localhost:9090/?token=492522191&user=2129849956&config=3,591,0,0
1714902611906,591,HTTP Request 3,200,OK,Thread Group 3 1-73,text,true,,231,157,6,6,http://localhost:9090/?token=492522191&user=2129849956&config=3,591,0,0
1714902611982,594,HTTP Request 3,200,OK,Thread Group 3 1-69,text,true,,231,157,6,6,http://localhost:9090/?token=492522191&user=2129849956&config=3,594,0,0
1714902612097,594,HTTP Request 3,200,OK,Thread Group 3 1-74,text,true,,231,157,6,6,http://localhost:9090/?token=492522191&user=2129849956&config=3,594,0,0
1714902612152,597,HTTP Request 3,200,OK,Thread Group 3 1-75,text,true,,231,157,6,6,http://localhost:9090/?token=492522191&user=2129849956&config=3,597,0,0
1714902612242,598,HTTP Request 3,200,OK,Thread Group 3 1-71,text,true,,231,157,7,7,http://localhost:9090/?token=492522191&user=2129849956&config=3,598,0,0
1714902612427,598,HTTP Request 3,200,OK,Thread Group 3 1-72,text,true,,231,157,7,7,http://localhost:9090/?token=492522191&user=2129849956&config=3,598,0,0
1714902612517,598,HTTP Request 3,200,OK,Thread Group 3 1-73,text,true,,231,157,7,7,http://localhost:9090/?token=492522191&user=2129849956&config=3,598,0,0
1714902612576,600,HTTP Request 3,200,OK,Thread Group 3 1-69,text,true,,231,157,7,7,http://localhost:9090/?token=492522191&user=2129849956&config=3,600,0,0
1714902612691,602,HTTP Request 3,200,OK,Thread Group 3 1-74,text,false,"The operation lasted too long: It took 602 milliseconds, but should not have lasted longer than 600 milliseconds.",231,157,7,7,http://localhost:9090/?token=492522191&user=2129849956&config=3,602,0,0
1714902612749,602,HTTP Request 3,200,OK,Thread Group 3 1-75,text,false,"The operation lasted too long: It took 602 milliseconds, but should not have lasted longer than 600 milliseconds.",231,157,6,6,http://localhost:9090/?token=492522191&user=2129849956&config=3,602,0,0
1714902612840,607,HTTP Request 3,200,OK,Thread Group 3 1-71,text,false,"The operation lasted too long: It took 607 milliseconds, but should not have lasted longer than 600 milliseconds.",231,157,5,5,http://localhost:9090/?token=492522191&user=2129849956&config=3,607,0,0
1714902612839,629,HTTP Request 3,200,OK,Thread Group 3 1-78,text,false,"The operation lasted too long: It took 629 milliseconds, but should not have lasted longer than 600 milliseconds.",231,157,4,4,http://localhost:9090/?token=492522191&user=2129849956&config=3,629,0,1
1714902613025,605,HTTP Request 3,200,OK,Thread Group 3 1-72,text,false,"The operation lasted too long: It took 605 milliseconds, but should not have lasted longer than 600 milliseconds.",231,157,3,3,http://localhost:9090/?token=492522191&user=2129849956&config=3,605,0,0
1714902613116,605,HTTP Request 3,200,OK,Thread Group 3 1-73,text,false,"The operation lasted too long: It took 605 milliseconds, but should not have lasted longer than 600 milliseconds.",231,157,2,2,http://localhost:9090/?token=492522191&user=2129849956&config=3,605,0,0
1714902613176,606,HTTP Request 3,200,OK,Thread Group 3 1-69,text,false,"The operation lasted too long: It took 606 milliseconds, but should not have lasted longer than 600 milliseconds.",231,157,1,1,http://localhost:9090/?token=492522191&user=2129849956&config=3,606,0,0
1714902614039,688,HTTP Request 3,200,OK,Thread Group 3 1-79,text,false,"The operation lasted too long: It took 688 milliseconds, but should not have lasted longer than 600 milliseconds.",231,157,1,1,http://localhost:9090/?token=492522191&user=2129849956&config=3,688,0,2
1714902615238,719,HTTP Request 3,200,OK,Thread Group 3 1-80,text,false,"The operation lasted too long: It took 719 milliseconds, but should not have lasted longer than 600 milliseconds.",231,157,1,1,http://localhost:9090/?token=492522191&user=2129849956&config=3,719,0,1
1714902616439,609,HTTP Request 3,200,OK,Thread Group 3 1-81,text,false,"The operation lasted too long: It took 609 milliseconds, but should not have lasted longer than 600 milliseconds.",231,157,1,1,http://localhost:9090/?token=492522191&user=2129849956&config=3,609,0,2
1714902617638,673,HTTP Request 3,200,OK,Thread Group 3 1-82,text,false,"The operation lasted too long: It took 673 milliseconds, but should not have lasted longer than 600 milliseconds.",231,157,1,1,http://localhost:9090/?token=492522191&user=2129849956&config=3,673,0,2
1714902618839,702,HTTP Request 3,200,OK,Thread Group 3 1-83,text,false,"The operation lasted too long: It took 702 milliseconds, but should not have lasted longer than 600 milliseconds.",231,157,1,1,http://localhost:9090/?token=492522191&user=2129849956&config=3,702,0,1
1714902620038,628,HTTP Request 3,200,OK,Thread Group 3 1-84,text,false,"The operation lasted too long: It took 628 milliseconds, but should not have lasted longer than 600 milliseconds.",231,157,1,1,http://localhost:9090/?token=492522191&user=2129849956&config=3,628,0,1
1714902621238,658,HTTP Request 3,200,OK,Thread Group 3 1-85,text,false,"The operation lasted too long: It took 658 milliseconds, but should not have lasted longer than 600 milliseconds.",231,157,1,1,http://localhost:9090/?token=492522191&user=2129849956&config=3,657,0,1
1714902622439,582,HTTP Request 3,200,OK,Thread Group 3 1-86,text,true,,231,157,1,1,http://localhost:9090/?token=492522191&user=2129849956&config=3,582,0,1
1714902623021,615,HTTP Request 3,200,OK,Thread Group 3 1-86,text,false,"The operation lasted too long: It took 615 milliseconds, but should not have lasted longer than 600 milliseconds.",231,157,1,1,http://localhost:9090/?token=492522191&user=2129849956&config=3,615,0,0
1714902623639,611,HTTP Request 3,200,OK,Thread Group 3 1-87,text,false,"The operation lasted too long: It took 611 milliseconds, but should not have lasted longer than 600 milliseconds.",231,157,1,1,http://localhost:9090/?token=492522191&user=2129849956&config=3,611,0,1
1714902624838,642,HTTP Request 3,200,OK,Thread Group 3 1-88,text,false,"The operation lasted too long: It took 642 milliseconds, but should not have lasted longer than 600 milliseconds.",231,157,1,1,http://localhost:9090/?token=492522191&user=2129849956&config=3,642,0,1
1714902626037,569,HTTP Request 3,200,OK,Thread Group 3 1-89,text,true,,231,157,1,1,http://localhost:9090/?token=492522191&user=2129849956&config=3,569,0,1
1714902626606,616,HTTP Request 3,200,OK,Thread Group 3 1-89,text,false,"The operation lasted too long: It took 616 milliseconds, but should not have lasted longer than 600 milliseconds.",231,157,1,1,http://localhost:9090/?token=492522191&user=2129849956&config=3,616,0,0
1714902627240,546,HTTP Request 3,200,OK,Thread Group 3 1-90,text,true,,231,157,1,1,http://localhost:9090/?token=492522191&user=2129849956&config=3,546,0,1
1714902627786,560,HTTP Request 3,200,OK,Thread Group 3 1-90,text,true,,231,157,1,1,http://localhost:9090/?token=492522191&user=2129849956&config=3,560,0,0
1714902628347,525,HTTP Request 3,200,OK,Thread Group 3 1-90,text,true,,231,157,2,2,http://localhost:9090/?token=492522191&user=2129849956&config=3,525,0,0
1714902628438,548,HTTP Request 3,200,OK,Thread Group 3 1-91,text,true,,231,157,2,2,http://localhost:9090/?token=492522191&user=2129849956&config=3,548,0,2
1714902628873,525,HTTP Request 3,200,OK,Thread Group 3 1-90,text,true,,231,157,2,2,http://localhost:9090/?token=492522191&user=2129849956&config=3,525,0,0
1714902628987,525,HTTP Request 3,200,OK,Thread Group 3 1-91,text,true,,231,157,2,2,http://localhost:9090/?token=492522191&user=2129849956&config=3,525,0,0
1714902629398,528,HTTP Request 3,200,OK,Thread Group 3 1-90,text,true,,231,157,3,3,http://localhost:9090/?token=492522191&user=2129849956&config=3,528,0,0
1714902629513,528,HTTP Request 3,200,OK,Thread Group 3 1-91,text,true,,231,157,3,3,http://localhost:9090/?token=492522191&user=2129849956&config=3,528,0,0
1714902629639,550,HTTP Request 3,200,OK,Thread Group 3 1-92,text,true,,231,157,3,3,http://localhost:9090/?token=492522191&user=2129849956&config=3,550,0,2
1714902629926,536,HTTP Request 3,200,OK,Thread Group 3 1-90,text,true,,231,157,3,3,http://localhost:9090/?token=492522191&user=2129849956&config=3,536,0,0
1714902630041,531,HTTP Request 3,200,OK,Thread Group 3 1-91,text,true,,231,157,3,3,http://localhost:9090/?token=492522191&user=2129849956&config=3,531,0,0
1714902630258,530,HTTP Request 3,200,OK,Thread Group 3 1-92,text,true,,231,157,3,3,http://localhost:9090/?token=492522191&user=2129849956&config=3,530,0,0
1714902630462,532,HTTP Request 3,200,OK,Thread Group 3 1-90,text,true,,231,157,4,4,http://localhost:9090/?token=492522191&user=2129849956&config=3,532,0,0
1714902630572,532,HTTP Request 3,200,OK,Thread Group 3 1-91,text,true,,231,157,4,4,http://localhost:9090/?token=492522191&user=2129849956&config=3,532,0,0
1714902630788,534,HTTP Request 3,200,OK,Thread Group 3 1-92,text,true,,231,157,4,4,http://localhost:9090/?token=492522191&user=2129849956&config=3,534,0,0
1714902630838,554,HTTP Request 3,200,OK,Thread Group 3 1-93,text,true,,231,157,4,4,http://localhost:9090/?token=492522191&user=2129849956&config=3,554,0,1
1714902630994,534,HTTP Request 3,200,OK,Thread Group 3 1-90,text,true,,231,157,4,4,http://localhost:9090/?token=492522191&user=2129849956&config=3,534,0,0
1714902631104,536,HTTP Request 3,200,OK,Thread Group 3 1-91,text,true,,231,157,4,4,http://localhost:9090/?token=492522191&user=2129849956&config=3,536,0,0
1714902631322,536,HTTP Request 3,200,OK,Thread Group 3 1-92,text,true,,231,157,4,4,http://localhost:9090/?token=492522191&user=2129849956&config=3,536,0,0
1714902631392,537,HTTP Request 3,200,OK,Thread Group 3 1-93,text,true,,231,157,4,4,http://localhost:9090/?token=492522191&user=2129849956&config=3,537,0,0
1714902631528,546,HTTP Request 3,200,OK,Thread Group 3 1-90,text,true,,231,157,5,5,http://localhost:9090/?token=492522191&user=2129849956&config=3,546,0,0
1714902631640,537,HTTP Request 3,200,OK,Thread Group 3 1-91,text,true,,231,157,5,5,http://localhost:9090/?token=492522191&user=2129849956&config=3,537,0,0
1714902631858,538,HTTP Request 3,200,OK,Thread Group 3 1-92,text,true,,231,157,5,5,http://localhost:9090/?token=492522191&user=2129849956&config=3,538,0,0
1714902631929,539,HTTP Request 3,200,OK,Thread Group 3 1-93,text,true,,231,157,5,5,http://localhost:9090/?token=492522191&user=2129849956&config=3,539,0,0
1714902632038,560,HTTP Request 3,200,OK,Thread Group 3 1-94,text,true,,231,157,5,5,http://localhost:9090/?token=492522191&user=2129849956&config=3,560,0,0
1714902632074,541,HTTP Request 3,200,OK,Thread Group 3 1-90,text,true,,231,157,5,5,http://localhost:9090/?token=492522191&user=2129849956&config=3,541,0,0
1714902632177,542,HTTP Request 3,200,OK,Thread Group 3 1-91,text,true,,231,157,5,5,http://localhost:9090/?token=492522191&user=2129849956&config=3,542,0,0
1714902632397,543,HTTP Request 3,200,OK,Thread Group 3 1-92,text,true,,231,157,5,5,http://localhost:9090/?token=492522191&user=2129849956&config=3,543,0,0
1714902632468,543,HTTP Request 3,200,OK,Thread Group 3 1-93,text,true,,231,157,5,5,http://localhost:9090/?token=492522191&user=2129849956&config=3,543,0,0
1714902632598,544,HTTP Request 3,200,OK,Thread Group 3 1-94,text,true,,231,157,5,5,http://localhost:9090/?token=492522191&user=2129849956&config=3,544,0,0
1714902632616,545,HTTP Request 3,200,OK,Thread Group 3 1-90,text,true,,231,157,5,5,http://localhost:9090/?token=492522191&user=2129849956&config=3,545,0,0
1714902632759,547,HTTP Request 3,200,OK,Thread Group 3 1-91,text,true,,231,157,6,6,http://localhost:9090/?token=492522191&user=2129849956&config=3,547,0,0
1714902632940,547,HTTP Request 3,200,OK,Thread Group 3 1-92,text,true,,231,157,6,6,http://localhost:9090/?token=492522191&user=2129849956&config=3,547,0,0
1714902633011,547,HTTP Request 3,200,OK,Thread Group 3 1-93,text,true,,231,157,6,6,http://localhost:9090/?token=492522191&user=2129849956&config=3,547,0,0
1714902633142,547,HTTP Request 3,200,OK,Thread Group 3 1-94,text,true,,231,157,6,6,http://localhost:9090/?token=492522191&user=2129849956&config=3,547,0,0
1714902633161,548,HTTP Request 3,200,OK,Thread Group 3 1-90,text,true,,231,157,6,6,http://localhost:9090/?token=492522191&user=2129849956&config=3,548,0,0
1714902633238,572,HTTP Request 3,200,OK,Thread Group 3 1-95,text,true,,231,157,6,6,http://localhost:9090/?token=492522191&user=2129849956&config=3,572,0,2
1714902633306,550,HTTP Request 3,200,OK,Thread Group 3 1-91,text,true,,231,157,6,6,http://localhost:9090/?token=492522191&user=2129849956&config=3,550,0,0
1714902633487,552,HTTP Request 3,200,OK,Thread Group 3 1-92,text,true,,231,157,6,6,http://localhost:9090/?token=492522191&user=2129849956&config=3,551,0,0
1714902633558,551,HTTP Request 3,200,OK,Thread Group 3 1-93,text,true,,231,157,6,6,http://localhost:9090/?token=492522191&user=2129849956&config=3,551,0,0
1714902633690,551,HTTP Request 3,200,OK,Thread Group 3 1-94,text,true,,231,157,6,6,http://localhost:9090/?token=492522191&user=2129849956&config=3,551,0,0
1714902633709,551,HTTP Request 3,200,OK,Thread Group 3 1-90,text,true,,231,157,6,6,http://localhost:9090/?token=492522191&user=2129849956&config=3,551,0,0
1714902633811,552,HTTP Request 3,200,OK,Thread Group 3 1-95,text,true,,231,157,6,6,http://localhost:9090/?token=492522191&user=2129849956&config=3,552,0,0
1714902633856,554,HTTP Request 3,200,OK,Thread Group 3 1-91,text,true,,231,157,6,6,http://localhost:9090/?token=492522191&user=2129849956&config=3,554,0,0
1714902634039,556,HTTP Request 3,200,OK,Thread Group 3 1-92,text,true,,231,157,7,7,http://localhost:9090/?token=492522191&user=2129849956&config=3,556,0,0
1714902634109,556,HTTP Request 3,200,OK,Thread Group 3 1-93,text,true,,231,157,7,7,http://localhost:9090/?token=492522191&user=2129849956&config=3,556,0,0
1714902634241,556,HTTP Request 3,200,OK,Thread Group 3 1-94,text,true,,231,157,7,7,http://localhost:9090/?token=492522191&user=2129849956&config=3,556,0,0
1714902634302,559,HTTP Request 3,200,OK,Thread Group 3 1-90,text,true,,231,157,7,7,http://localhost:9090/?token=492522191&user=2129849956&config=3,559,0,0
1714902634364,559,HTTP Request 3,200,OK,Thread Group 3 1-95,text,true,,231,157,7,7,http://localhost:9090/?token=492522191&user=2129849956&config=3,559,0,0
1714902634410,561,HTTP Request 3,200,OK,Thread Group 3 1-91,text,true,,231,157,7,7,http://localhost:9090/?token=492522191&user=2129849956&config=3,561,0,0
1714902634445,582,HTTP Request 3,200,OK,Thread Group 3 1-96,text,true,,231,157,7,7,http://localhost:9090/?token=492522191&user=2129849956&config=3,582,0,2
1714902634595,561,HTTP Request 3,200,OK,Thread Group 3 1-92,text,true,,231,157,7,7,http://localhost:9090/?token=492522191&user=2129849956&config=3,561,0,0
1714902634665,563,HTTP Request 3,200,OK,Thread Group 3 1-93,text,true,,231,157,7,7,http://localhost:9090/?token=492522191&user=2129849956&config=3,563,0,0
1714902634797,564,HTTP Request 3,200,OK,Thread Group 3 1-94,text,true,,231,157,7,7,http://localhost:9090/?token=492522191&user=2129849956&config=3,563,0,0
1714902634888,565,HTTP Request 3,200,OK,Thread Group 3 1-90,text,true,,231,157,7,7,http://localhost:9090/?token=492522191&user=2129849956&config=3,565,0,0
1714902634923,565,HTTP Request 3,200,OK,Thread Group 3 1-95,text,true,,231,157,7,7,http://localhost:9090/?token=492522191&user=2129849956&config=3,565,0,0
1714902634971,571,HTTP Request 3,200,OK,Thread Group 3 1-91,text,true,,231,157,7,7,http://localhost:9090/?token=492522191&user=2129849956&config=3,571,0,0
1714902635027,568,HTTP Request 3,200,OK,Thread Group 3 1-96,text,true,,231,157,7,7,http://localhost:9090/?token=492522191&user=2129849956&config=3,568,0,0
1714902635156,568,HTTP Request 3,200,OK,Thread Group 3 1-92,text,true,,231,157,8,8,http://localhost:9090/?token=492522191&user=2129849956&config=3,568,0,0
1714902635229,571,HTTP Request 3,200,OK,Thread Group 3 1-93,text,true,,231,157,8,8,http://localhost:9090/?token=492522191&user=2129849956&config=3,571,0,0
1714902635424,570,HTTP Request 3,200,OK,Thread Group 3 1-94,text,true,,231,157,8,8,http://localhost:9090/?token=492522191&user=2129849956&config=3,570,0,0
1714902635454,572,HTTP Request 3,200,OK,Thread Group 3 1-90,text,true,,231,157,8,8,http://localhost:9090/?token=492522191&user=2129849956&config=3,572,0,0
1714902635488,571,HTTP Request 3,200,OK,Thread Group 3 1-95,text,true,,231,157,8,8,http://localhost:9090/?token=492522191&user=2129849956&config=3,571,0,0
1714902635542,572,HTTP Request 3,200,OK,Thread Group 3 1-91,text,true,,231,157,8,8,http://localhost:9090/?token=492522191&user=2129849956&config=3,572,0,0
1714902635595,574,HTTP Request 3,200,OK,Thread Group 3 1-96,text,true,,231,157,8,8,http://localhost:9090/?token=492522191&user=2129849956&config=3,574,0,0
1714902635652,598,HTTP Request 3,200,OK,Thread Group 3 1-97,text,true,,231,157,8,8,http://localhost:9090/?token=492522191&user=2129849956&config=3,598,0,3
1714902635724,576,HTTP Request 3,200,OK,Thread Group 3 1-92,text,true,,231,157,8,8,http://localhost:9090/?token=492522191&user=2129849956&config=3,576,0,0
1714902635800,577,HTTP Request 3,200,OK,Thread Group 3 1-93,text,true,,231,157,8,8,http://localhost:9090/?token=492522191&user=2129849956&config=3,577,0,0
1714902635994,579,HTTP Request 3,200,OK,Thread Group 3 1-94,text,true,,231,157,8,8,http://localhost:9090/?token=492522191&user=2129849956&config=3,579,0,0
1714902636026,581,HTTP Request 3,200,OK,Thread Group 3 1-90,text,true,,231,157,8,8,http://localhost:9090/?token=492522191&user=2129849956&config=3,581,0,0
1714902636060,580,HTTP Request 3,200,OK,Thread Group 3 1-95,text,true,,231,157,8,8,http://localhost:9090/?token=492522191&user=2129849956&config=3,580,0,0
1714902636114,581,HTTP Request 3,200,OK,Thread Group 3 1-91,text,true,,231,157,8,8,http://localhost:9090/?token=492522191&user=2129849956&config=3,581,0,0
1714902636169,601,HTTP Request 3,200,OK,Thread Group 3 1-96,text,false,"The operation lasted too long: It took 601 milliseconds, but should not have lasted longer than 600 milliseconds.",231,157,8,8,http://localhost:9090/?token=492522191&user=2129849956&config=3,601,0,0
1714902636250,584,HTTP Request 3,200,OK,Thread Group 3 1-97,text,true,,231,157,7,7,http://localhost:9090/?token=492522191&user=2129849956&config=3,584,0,0
1714902636300,584,HTTP Request 3,200,OK,Thread Group 3 1-92,text,true,,231,157,8,8,http://localhost:9090/?token=492522191&user=2129849956&config=3,584,0,0
1714902636378,585,HTTP Request 3,200,OK,Thread Group 3 1-93,text,true,,231,157,8,8,http://localhost:9090/?token=492522191&user=2129849956&config=3,585,0,0
1714902636574,586,HTTP Request 3,200,OK,Thread Group 3 1-94,text,true,,231,157,8,8,http://localhost:9090/?token=492522191&user=2129849956&config=3,586,0,0
1714902636607,586,HTTP Request 3,200,OK,Thread Group 3 1-90,text,true,,231,157,8,8,http://localhost:9090/?token=492522191&user=2129849956&config=3,586,0,0
1714902636640,588,HTTP Request 3,200,OK,Thread Group 3 1-95,text,true,,231,157,8,8,http://localhost:9090/?token=492522191&user=2129849956&config=3,588,0,0
1714902636695,588,HTTP Request 3,200,OK,Thread Group 3 1-91,text,true,,231,157,8,8,http://localhost:9090/?token=492522191&user=2129849956&config=3,588,0,0
1714902636834,592,HTTP Request 3,200,OK,Thread Group 3 1-97,text,true,,231,157,8,8,http://localhost:9090/?token=492522191&user=2129849956&config=3,592,0,0
1714902636884,612,HTTP Request 3,200,OK,Thread Group 3 1-92,text,false,"The operation lasted too long: It took 612 milliseconds, but should not have lasted longer than 600 milliseconds.",231,157,8,8,http://localhost:9090/?token=492522191&user=2129849956&config=3,612,0,0
1714902636837,659,HTTP Request 3,200,OK,Thread Group 3 1-98,text,false,"The operation lasted too long: It took 659 milliseconds, but should not have lasted longer than 600 milliseconds.",231,157,8,8,http://localhost:9090/?token=492522191&user=2129849956&config=3,659,0,1
1714902636963,594,HTTP Request 3,200,OK,Thread Group 3 1-93,text,true,,231,157,6,6,http://localhost:9090/?token=492522191&user=2129849956&config=3,594,0,0
1714902637160,595,HTTP Request 3,200,OK,Thread Group 3 1-94,text,true,,231,157,6,6,http://localhost:9090/?token=492522191&user=2129849956&config=3,595,0,0
1714902637193,596,HTTP Request 3,200,OK,Thread Group 3 1-90,text,true,,231,157,6,6,http://localhost:9090/?token=492522191&user=2129849956&config=3,596,0,0
1714902637228,597,HTTP Request 3,200,OK,Thread Group 3 1-95,text,true,,231,157,6,6,http://localhost:9090/?token=492522191&user=2129849956&config=3,597,0,0
1714902637283,596,HTTP Request 3,200,OK,Thread Group 3 1-91,text,true,,231,157,6,6,http://localhost:9090/?token=492522191&user=2129849956&config=3,596,0,0
1714902637486,598,HTTP Request 3,200,OK,Thread Group 3 1-97,text,true,,231,157,7,7,http://localhost:9090/?token=492522191&user=2129849956&config=3,598,0,0
1714902637557,600,HTTP Request 3,200,OK,Thread Group 3 1-93,text,true,,231,157,7,7,http://localhost:9090/?token=492522191&user=2129849956&config=3,600,0,0
1714902637755,601,HTTP Request 3,200,OK,Thread Group 3 1-94,text,false,"The operation lasted too long: It took 601 milliseconds, but should not have lasted longer than 600 milliseconds.",231,157,7,7,http://localhost:9090/?token=492522191&user=2129849956&config=3,601,0,0
1714902637789,607,HTTP Request 3,200,OK,Thread Group 3 1-90,text,false,"The operation lasted too long: It took 607 milliseconds, but should not have lasted longer than 600 milliseconds.",231,157,6,6,http://localhost:9090/?token=492522191&user=2129849956&config=3,607,0,0
1714902637879,603,HTTP Request 3,200,OK,Thread Group 3 1-91,text,false,"The operation lasted too long: It took 603 milliseconds, but should not have lasted longer than 600 milliseconds.",231,157,5,5,http://localhost:9090/?token=492522191&user=2129849956&config=3,602,0,0
1714902637825,606,HTTP Request 3,200,OK,Thread Group 3 1-95,text,false,"The operation lasted too long: It took 606 milliseconds, but should not have lasted longer than 600 milliseconds.",231,157,5,5,http://localhost:9090/?token=492522191&user=2129849956&config=3,606,0,0
1714902638037,625,HTTP Request 3,200,OK,Thread Group 3 1-99,text,false,"The operation lasted too long: It took 625 milliseconds, but should not have lasted longer than 600 milliseconds.",231,157,3,3,http://localhost:9090/?token=492522191&user=2129849956&config=3,625,0,1
1714902638084,612,HTTP Request 3,200,OK,Thread Group 3 1-97,text,false,"The operation lasted too long: It took 612 milliseconds, but should not have lasted longer than 600 milliseconds.",231,157,2,2,http://localhost:9090/?token=492522191&user=2129849956&config=3,612,0,0
1714902638157,607,HTTP Request 3,200,OK,Thread Group 3 1-93,text,false,"The operation lasted too long: It took 607 milliseconds, but should not have lasted longer than 600 milliseconds.",231,157,1,1,http://localhost:9090/?token=492522191&user=2129849956&config=3,607,0,0
1714902639239,679,HTTP Request 3,200,OK,Thread Group 3 1-100,text,false,"The operation lasted too long: It took 679 milliseconds, but should not have lasted longer than 600 milliseconds.",231,157,1,1,http://localhost:9090/?token=492522191&user=2129849956&config=3,679,0,1
